user,friend,community,community_id,groundtruthcommunity
1,1998,Accessory Junkies,5001,LifeStyle
2,1998,Acoustic Music Jam Sessions,5002,Music
3,1997,Acoustic Music Performances,5003,Music
4,1997,Actors' Guild,5004,Entertainment
5,1996,Adventure Racing Team,5005,Fun
6,1996,Adventure Seekers,5006,Fun
7,1994,Adventure Travel Experiences,5007,Fun
8,1991,Adventure Travel Group,5008,Fun
9,1989,Adventure Travelers,5009,Fun
10,1988,AI and Machine Learning,5010,Computer Science
11,1987,AI and Machine Learning Conferences,5011,Computer Science
12,1987,AI and Robotics Research,5012,Computer Science
13,1986,AI Enthusiasts,5013,Computer Science
14,1986,Amateur Astronomers,5014,Astronomy
15,1985,Animal Lovers,5015,Veterinary
16,1983,Animal Photography Club,5016,Veterinary
17,1982,Animal Rescue Heroes,5017,Veterinary
18,1980,Animal Rescue Network,5018,Veterinary
19,1979,Animal Rights Awareness Campaigns,5019,Veterinary
20,1978,Animal Rights Awareness Events and Campaigns,5020,Veterinary
21,1975,Animal Sanctuary Volunteers,5021,Veterinary
22,1974,Animal Shelter Volunteers,5022,Veterinary
23,1974,Animal Welfare Volunteers,5023,Veterinary
24,1973,Anime Addicts,5024,Cartoons
25,1971,Anime and Manga Lovers,5025,Cartoons
26,1969,App Developers Alliance,5026,Computer Science
27,1969,App Developers Forum,5027,Computer Science
28,1968,App Development,5028,Computer Science
29,1968,App Development Bootcamps,5029,Computer Science
30,1966,App Development Courses,5030,Computer Science
31,1963,App Development Hackathons,5031,Computer Science
32,1961,Aquarium Hobbyists,5032,Veterinary
33,1961,Arabic Language Hub,5033,Extracurricular
34,1961,Archaeology Enthusiasts,5034,Fun
35,1961,Architectural Photography,5035,Fun
36,1959,Architectural Tours,5036,Fun
37,1958,Architecture Admirers,5037,Fun
38,1957,Art Aficionados,5038,Arts
39,1955,Art Enthusiasts,5039,Arts
40,1954,Art Therapy Group,5040,Arts
41,1953,Artisans and Craftspeople,5041,Arts
42,1952,Artistic Expressions,5042,Entertainment
43,1951,Astral Projection Society,5043,Spiritual
44,1951,Astrology Enthusiasts,5044,Astronomy
45,1950,Astronomy and Astrophysics,5045,Astronomy
46,1948,Astronomy Club,5046,Astronomy
47,1945,Atheist and Agnostic Thinkers,5047,Religious
48,1943,Augmented Reality (AR) Collective,5048,Technology
49,1943,Automotive Technology,5049,Technology
50,1941,Baby Sign Language,5050,Extracurricular
51,1941,Babywearing Community,5051,Extracurricular
52,1939,Backpacking Buddies,5052,Extracurricular
53,1939,Backyard Gardening Club,5053,Extracurricular
54,1938,Backyard Gardening Tips,5054,Extracurricular
55,1937,Backyard Gardening Tips and Tricks Workshops,5055,Extracurricular
56,1937,Baking and Pastry Club,5056,Food
57,1934,Baking Brigade,5057,Food
58,1933,Basketball Coaching Clinics,5058,Sports
59,1930,Basketball Fanatics,5059,Sports
60,1928,Basketball Fans United,5060,Sports
61,1927,Basketball Pickup Games,5061,Sports
62,1925,Basketball Tournaments,5062,Sports
63,1923,BBQ Lovers Club,5063,Food
64,1922,Beach Bums,5064,Fun
65,1922,Beach Cleanup Drives,5065,Extracurricular
66,1922,Beach Cleanup Initiatives,5066,Extracurricular
67,1920,Beach Volleyball Club,5067,Sports
68,1918,Biohackers Lab,5068,Fun
69,1918,Bird Watchers Society,5069,Veterinary
70,1918,Bird Watching Society,5070,Veterinary
71,1917,Birdwatching and Ornithology,5071,Veterinary
72,1916,Birdwatching Excursions,5072,Fun
73,1916,Blended Families Together,5073,Spiritual
74,1915,Blockchain Builders,5074,Computer Science
75,1914,Blockchain Enthusiasts,5075,Computer Science
76,1914,Blockchain Technology Adoption,5076,Computer Science
77,1913,Blockchain Technology Seminars,5077,Computer Science
78,1912,Blockchain Technology Summits,5078,Computer Science
79,1912,Blog Monetization Strategies,5079,Extracurricular
80,1912,Blogging and Content Creation,5080,Extracurricular
81,1912,Blogging and Content Creation Workshops,5081,Extracurricular
82,1912,Blood Donors Guild,5082,Volunteers
83,1911,Bodybuilding Titans,5083,Sports
84,1910,Bonsai Tree Aficionados,5084,Nature Lovers
85,1909,Book Club,5085,Knowledge
86,1908,Bookworms Unite,5086,Knowledge
87,1907,Bookworms United,5087,Knowledge
88,1906,Breastfeeding Advocacy,5088,Awarness
89,1904,Bridge and Card Games,5089,Games
90,1904,Buddhist Meditation Group,5090,Spiritual
91,1903,Business Networking Group,5091,Bussiness
92,1902,Cactus and Succulent Collectors,5092,Nature Lovers
93,1896,Cake Decorating Classes and Workshops,5093,Food
94,1896,Cake Decorating Workshop,5094,Food
95,1894,Calligraphy and Hand Lettering,5095,Knowledge
96,1892,Calligraphy Workshops,5096,Knowledge
97,1891,Calligraphy Workshops and Practice Sessions,5097,Knowledge
98,1891,Camping and Hiking,5098,Fun
99,1890,Camping and Hiking Group,5099,Fun
100,1890,Car Enthusiasts,5100,Automobiles
101,1888,Car Enthusiasts Club,5101,Automobiles
102,888,Car Modification Crew,5102,Automobiles
103,1888,Car Racing Championships,5103,Sports
104,1887,Car Racing Championships and Track Days,5104,Sports
105,1887,Car Racing Enthusiasts,5105,Sports
106,1887,Car Rally Racing,5106,Sports
107,1886,Car Restoration Club,5107,Automobiles
108,1886,Carpenters' Guild,5108,Extracurricular
109,1885,Cat Care Tips,5109,Veterinary
110,1885,Cat Lovers Club,5110,Veterinary
111,1884,Cat Owners Club,5111,Automobiles
112,1881,Chess Coaching Sessions,5112,Games
113,1877,Chess Competitions,5113,Games
114,1876,Chess Masters,5114,Games
115,1874,Chess Open Tournaments,5115,Games
116,1874,Chess Puzzle Solving,5116,Games
117,1873,Chess Simultaneous Exhibition,5117,Games
118,1872,Chess Simultaneous Matches,5118,Games
119,1871,Chess Strategies and Tactics,5119,Games
120,1871,Chess Strategy Workshops,5120,Games
121,1870,Chess Tactics Workshop,5121,Games
122,1870,Chocolate Indulgence,5122,Food
123,1869,Christian Fellowship,5123,Religious
124,1867,Classic Car Collectors,5124,Automobiles
125,1867,Classic Car Exhibitions,5125,Automobiles
126,1865,Classic Car Restoration,5126,Automobiles
127,1865,Classic Car Shows,5127,Automobiles
128,1864,Classical Music Lovers,5128,Music
129,1864,Climate Change Activists,5129,Nature Lovers
130,1863,Cloud Computing Crew,5130,Computer Science
131,1863,Code Wizards,5131,Computer Science
132,1861,Coding Bootcamp Grads,5132,Computer Science
133,1861,Coding Bootcamps,5133,Computer Science
134,1860,Coding Challenges and Contests,5134,Computer Science
135,1860,Coding Ninjas,5135,Computer Science
136,1859,Coding Workshops and Meetups,5136,Computer Science
137,1858,Coffee Addicts,5137,Food
138,1858,Coffee and Conversations,5138,Food
139,1857,Coffee Appreciation Club,5139,Food
140,1857,Coffee Connoisseurs,5140,Food
141,1855,Coffee Cupping Sessions,5141,Food
142,1855,Coffee Roasting and Brewing,5142,Food
143,1855,Coffee Tasting Workshops,5143,Food
144,1853,Coin Collecting Society,5144,Fun
145,1850,Collectors' Corner,5145,Fun
146,1850,Comedy Club,5146,Entertainment
147,1849,Comic Book Artists Collective,5147,Cartoons
148,1848,Comic Book Enthusiasts,5148,Cartoons
149,1847,Comic Book Writing Workshops,5149,Cartoons
150,1846,Community Gardeners,5150,Nature Lovers
151,1846,Community Service Heroes,5151,Volunteers
152,1846,Contemporary Art Exhibitions,5152,Arts
153,1846,Contemporary Art Workshops,5153,Arts
154,1844,Contemporary Dance Classes,5154,Fitness
155,1843,Contemporary Dance Group,5155,Fitness
156,1843,Contemporary Sculpture Art,5156,Arts
157,1839,Cooking Classes,5157,Food
158,1838,Cooking Connoisseurs,5158,Food
159,1836,Cooking Masters,5159,Food
160,1836,Cosplay Community,5160,Entertainment
161,1833,Country Music Fans,5161,Music
162,1831,Courtroom Drama Fans,5162,Entertainment
163,1830,Craft Beer Brewing Workshops,5163,Food
164,1829,Craft Beer Connoisseurs,5164,Food
165,1827,Craft Beer Enthusiasts,5165,Food
166,1826,Craft Beer Tasting Events,5166,Food
167,1826,Craft Cocktail Making Classes,5167,Food
168,1826,Craft Cocktail Making Workshops,5168,Food
169,1824,Craft Cocktail Recipes,5169,Food
170,1824,Craft Cocktails and Mixology,5170,Food
171,1823,Creative Advertising,5171,Arts
172,1822,Creative Minds,5172,Arts
173,1819,Creative Writers Guild,5173,Arts
174,1818,Creative Writing Circle,5174,Arts
175,1817,Credit Score Improvement,5175,Bussiness
176,1815,Criminal Justice Reform,5176,Awarness
177,1814,CrossFit Competitions and Challenges,5177,Fitness
178,1812,CrossFit Training Group,5178,Fitness
179,1811,Cryptocurrency Education,5179,Knowledge
180,1810,Cryptocurrency Investors,5180,Knowledge
181,1808,Cryptocurrency Trading Seminars,5181,Knowledge
182,1808,Cryptocurrency Trading Workshops,5182,Knowledge
183,1806,Crystal Healing Circle,5183,Spiritual
184,1806,Culinary Delights,5184,Food
185,1805,Cultural Exchange Program,5185,Religious
186,1803,Cultural Heritage Society,5186,Religious
187,1803,Cultural Immersion,5187,Religious
188,1802,Cybersecurity Warriors,5188,Computer Science
189,1800,Cycling Adventures,5189,Computer Science
190,1799,Cycling Crew,5190,Sports
191,1799,Cycling Enthusiasts,5191,Sports
192,1799,Cycling Tours and Races,5192,Sports
193,1798,Daddy's Squad,5193,Miscellaneous
194,1797,Dance Fever,5194,Fitness
195,1796,Dance Fusion,5195,Fitness
196,1795,Dance Performers,5196,Fitness
197,1795,Dance Revolution,5197,Fitness
198,1795,Data Analytics Guild,5198,Computer Science
199,1791,Data Science and Analytics,5199,Computer Science
200,1790,Data Science Bootcamps,5200,Computer Science
201,1789,Data Science Conferences,5201,Computer Science
202,1789,Data Science Society,5202,Computer Science
203,1788,Data Scientists United,5203,Computer Science
204,1788,Dating Advice Group,5204,Awarness
205,1788,Deep-Sea Diving Courses,5205,Nature Lovers
206,1788,Deep-Sea Diving Expeditions,5206,Nature Lovers
207,1788,Deep-Sea Fishing Expeditions,5207,Nature Lovers
208,1788,Design Enthusiasts,5208,Knowledge
209,1787,Digital Art Competitions,5209,Arts
210,1787,Digital Art Exhibitions,5210,Arts
211,1786,Digital Art Exhibitions and Galleries,5211,Arts
212,1785,Digital Artists' Collective,5212,Arts
213,1785,Digital Explorers,5213,Arts
214,1782,Digital Illustrators' Group,5214,Arts
215,1782,Digital Marketing Experts,5215,Bussiness
216,1776,Digital Marketing Masters,5216,Bussiness
217,1776,Digital Marketing Workshops,5217,Bussiness
218,1775,Digital Nomads,5218,Arts
219,1774,Digital Painting Classes,5219,Arts
220,1773,Digital Painting Community,5220,Arts
221,1772,Digital Painting Workshops,5221,Arts
222,1769,Disaster Relief Efforts,5222,Volunteers
223,1765,Disc Golf Players Association,5223,Sports
224,1764,Disc Golf Tournaments,5224,Sports
225,1763,Divorce Recovery Circle,5225,Volunteers
226,1757,DIY Crafters,5226,Arts
227,1757,DIY Home Decor,5227,Arts
228,1755,DIY Masters,5228,Arts
229,1755,Dog Agility Training,5229,Veterinary
230,1752,Dog Breeders Association,5230,Veterinary
231,1752,Dog Lovers Community,5231,Veterinary
232,1752,Dog Lovers Society,5232,Veterinary
233,1751,Dog Training Tips,5233,Veterinary
234,1750,Dog Walking Group,5234,Veterinary
235,1749,Drawing and Sketching Club,5235,Arts
236,1748,Drawing and Sketching Workshops,5236,Arts
237,1746,Eco-Friendly Innovators,5237,Knowledge
238,1745,Eco-Friendly Living,5238,Knowledge
239,1745,E-commerce Empire,5239,Bussiness
240,1744,EDM Party Animals,5240,Music
241,1743,Elderly Care Support,5241,Volunteers
242,1743,Electric Vehicle Advocates,5242,Bussiness
243,1743,English Learners Society,5243,Knowledge
244,1743,Entrepreneurs Hub,5244,Bussiness
245,1741,Entrepreneurs League,5245,Bussiness
246,1740,Entrepreneurs' Network,5246,Bussiness
247,1740,Entrepreneurship Forums,5247,Bussiness
248,1740,Entrepreneurship Journey,5248,Bussiness
249,1738,Entrepreneurship Seminars,5249,Bussiness
250,1738,Entrepreneurship Workshops,5250,Bussiness
251,1738,Environmental Activists,5251,Nature Lovers
252,1737,Environmental Cleanup Crew,5252,Nature Lovers
253,1737,Environmental Education,5253,Awarness
254,1736,Ethical Fashion,5254,LifeStyle
255,1735,Exotic Animal Keepers,5255,Veterinary
256,1735,Extreme Sports Junkies,5256,Sports
257,1733,Fair Trade Fashion,5257,LifeStyle
258,1732,Fantasy Book Club,5258,Knowledge
259,1732,Fashion Bloggers,5259,LifeStyle
260,1732,Fashion Bloggers Community,5260,LifeStyle
261,1731,Fashion Design Competitions,5261,Arts
262,1729,Fashion Design Workshops,5262,Arts
263,1728,Fashion Designers Circle,5263,Arts
264,1728,Fashion Designers Guild,5264,Arts
265,1728,Fashion Entrepreneurs,5265,Bussiness
266,1727,Fashion Illustration,5266,Arts
267,1724,Fashion Modeling,5267,Arts
268,1724,Fashion Styling,5268,LifeStyle
269,1722,Fashion Styling Workshops,5269,Arts
270,1721,Fashion Stylists Association,5270,LifeStyle
271,1719,Fashion Stylists Guild,5271,LifeStyle
272,1719,Fashionistas Forever,5272,LifeStyle
273,1719,Fashionistas Unite,5273,LifeStyle
274,1718,Fiction Writers Guild,5274,Arts
275,1715,Fiction Writers' Society,5275,Arts
276,1715,Fiction Writing Contests,5276,Arts
277,1715,Fiction Writing Workshops,5277,Arts
278,1713,Fiction Writing Workshops and Critique Groups,5278,Arts
279,1713,Film Analysis Discussions,5279,Arts
280,1712,Film and Cinema,5280,Entertainment
281,1712,Film Appreciation Society,5281,Volunteers
282,1712,Film Buffs,5282,Entertainment
283,1711,Film Buffs Association,5283,Entertainment
284,1711,Film Critics Association,5284,Entertainment
285,1711,Film Directing Workshops,5285,Arts
286,1711,Film Fanatics,5286,Entertainment
287,1711,Film Festival Society,5287,Entertainment
288,1710,Film Festivals,5288,Entertainment
289,1709,Film Industry Network,5289,Bussiness
290,1706,Film Industry Networking,5290,Bussiness
291,1704,Film Industry Seminars,5291,Arts
292,1703,Film Production Club,5292,Bussiness
293,1703,Film Production Courses and Training,5293,Arts
294,1702,Film Production Workshops,5294,Arts
295,1702,Film Screenings and Discussions,5295,Arts
296,1701,Film Screenwriting Workshops,5296,Arts
297,1700,Filmmakers' Network,5297,Arts
298,1700,Filmmaking Collaborators,5298,Arts
299,1700,Financial Independence Journey,5299,Bussiness
300,1697,Fine Arts Appreciation,5300,Arts
301,1697,Fine Arts Exhibitions,5301,Arts
302,1697,Fine Arts Society,5302,Arts
303,1696,Fine Arts Workshops,5303,Arts
304,1694,Fishing Enthusiasts,5304,Fun
305,1691,Fitness Bootcamp Training,5305,Fitness
306,1691,Fitness Bootcamp Workouts,5306,Fitness
307,1691,Fitness Challenges,5307,Fitness
308,1690,Fitness Enthusiasts,5308,Fitness
309,1688,Fitness Fanatics,5309,Fitness
310,1686,Fitness Junkies,5310,Fitness
311,1685,Fitness Motivation,5311,Fitness
312,1684,Fitness Park Meetup,5312,Fitness
313,1684,Fitness Studio Members,5313,Fitness
314,1681,Flower Power Society,5314,Nature Lovers
315,1680,Food Bloggers,5315,Food
316,1679,Foodie Club,5316,Food
317,1679,Foodies Forever,5317,Food
318,1679,Foodies Paradise,5318,Food
319,1678,Football Fan Club,5319,Sports
320,1678,Football Leagues and Matches,5320,Sports
321,1677,Football Pickup Games,5321,Sports
322,1676,Football Tournaments,5322,Sports
323,1674,Freelance Networking Events,5323,Bussiness
324,1674,Freelance Writers,5324,Bussiness
325,1674,Freelancer Networking Events,5325,Bussiness
326,1671,Freelancer Networking Events and Meetups,5326,Bussiness
327,1670,Freelancers' Community,5327,Bussiness
328,1670,Freelancers Union,5328,Bussiness
329,1669,Freelancers United,5329,Bussiness
330,1667,French Conversation Circle,5330,Extracurricular
331,1666,Freshwater Fishing Competitions,5331,Fun
332,1666,Freshwater Fishing Enthusiasts,5332,Fun
333,1665,Freshwater Fishing Tournaments,5333,Fun
334,1663,Frugal Living Community,5334,Awarness
335,1663,Game Development,5335,Games
336,1663,Gamers United,5336,Games
337,1660,Gaming Clan,5337,Games
338,1658,Gaming Community,5338,Games
339,1658,Gaming Gurus,5339,Games
340,1658,Gaming Warriors,5340,Games
341,1657,Gardening Enthusiasts,5341,Nature Lovers
342,1657,Gardening Gurus,5342,Nature Lovers
343,1656,Genetics and Biotechnology,5343,Nature Lovers
344,1656,Gentle Parenting Circle,5344,Awarness
345,1655,German Speakers Community,5345,Extracurricular
346,1655,Giving Back Society,5346,Volunteers
347,1654,Glamour and Elegance,5347,LifeStyle
348,1654,Grandparents' Love,5348,Volunteers
349,1654,Graphic Design Guild,5349,Arts
350,1653,Graphic Designers,5350,Arts
351,1653,Green Building Council,5351,Bussiness
352,1652,Green Living Advocates,5352,Bussiness
353,1648,Green Living Collective,5353,Bussiness
354,1646,Gymaholics,5354,Fitness
355,1645,Hair Care Experts,5355,LifeStyle
356,1644,Harry Potter Fan Club,5356,Entertainment
357,1642,Health and Nutrition,5357,Fitness
358,1640,Health and Wellness,5358,Fitness
359,1639,Healthy Eaters,5359,Food
360,1637,Healthy Eating,5360,Fitness
361,1637,Healthy Living Community,5361,Fitness
362,1636,Herb and Spice Lovers,5362,Food
363,1635,Hiking and Camping Crew,5363,Fun
364,1635,Hiking and Mountaineering,5364,Fun
365,1634,Hiking and Trekking,5365,Fun
366,1633,Hiking and Trekking Adventures,5366,Fun
367,1633,Hindu Devotees Group,5367,Religious
368,1631,Historic Architecture Appreciation,5368,Arts
369,1631,Historical Preservation,5369,Arts
370,1623,History Buffs,5370,Arts
371,1622,Holistic Healing,5371,Spiritual
372,1621,Holistic Healing Practices,5372,Spiritual
373,1620,Holistic Healing Retreats,5373,Spiritual
374,1619,Holistic Healing Workshops,5374,Spiritual
375,1618,Holistic Health and Wellness,5375,Fitness
376,1617,Home Brewing,5376,Extracurricular
377,1612,Homeless Shelter Helpers,5377,Volunteers
378,1612,Homeschooling Network,5378,Bussiness
379,1610,Horoscope Predictions,5379,Extracurricular
380,1609,Horse Riders Network,5380,Sports
381,1607,Human Rights Advocacy,5381,Volunteers
382,1606,Humanitarian Aid Network,5382,Volunteers
383,1606,Hydroponic Gardening,5383,Nature Lovers
384,1603,Illustrators United,5384,Arts
385,1600,Improv Comedy Troupe,5385,Entertainment
386,1600,Independent Film Festivals,5386,Entertainment
387,1598,Independent Film Screenings,5387,Entertainment
388,1597,Independent Filmmakers,5388,Entertainment
389,1596,Independent Filmmaking Tips,5389,Entertainment
390,1596,Independent Music Labels,5390,Music
391,1593,Independent Music Releases,5391,Music
392,1591,Indie Filmmakers,5392,Entertainment
393,1591,Indie Music Artists,5393,Music
394,1590,Indie Music Concerts,5394,Music
395,1590,Indie Music Scene,5395,Music
396,1589,Indoor Plant Enthusiasts,5396,Nature Lovers
397,1587,Indoor Rock Climbing,5397,Fun
398,1587,Indoor Rock Climbing Competitions,5398,Fun
399,1586,Indoor Rock Climbing Gyms,5399,Fun
400,1584,Intellectual Property Rights,5400,Awarness
401,1583,Interior Designers' Alliance,5401,Arts
402,1582,Internet of Things (IoT) Pioneers,5402,Computer Science
403,1581,Intimacy and Sexuality,5403,Awarness
404,1581,Investment Insights,5404,Bussiness
405,1580,IoT Connectors,5405,Computer Science
406,1579,Islamic Faith Community,5406,Religious
407,577,Italian Language Immersion,5407,Extracurricular
408,1576,Japanese Language Study,5408,Extracurricular
409,1576,Jazz Aficionados,5409,Music
410,1574,Jazz and Blues Lovers,5410,Music
411,1572,Jewish Heritage Network,5411,Religious
412,1571,Journaling Journey,5412,Arts
413,1571,Kayaking and Canoeing,5413,Sports
414,1569,Kiteboarding and Windsurfing,5414,Sports
415,1569,Kitesurfing and Windsurfing,5415,Sports
416,1566,Kitesurfing Competitions,5416,Sports
417,1566,Kitesurfing Competitions and Festivals,5417,Sports
418,1565,Knitting and Crocheting,5418,Arts
419,1565,Knowledge Seekers,5419,Knowledge
420,1564,Language and Culture Exchange,5420,Extracurricular
421,1560,Language Enthusiasts,5421,Extracurricular
422,1560,Language Exchange,5422,Extracurricular
423,1559,Language Exchange Group,5423,Extracurricular
424,1559,Language Exchange Program,5424,Extracurricular
425,559,Language Exchange Programs,5425,Extracurricular
426,1557,Language Learners,5426,Extracurricular
427,1556,Language Learners Club,5427,Extracurricular
428,1556,Language Learning App,5428,Computer Science
429,1556,Language Learning Meetups,5429,Extracurricular
430,1556,Law School Applicants,5430,Knowledge
431,1555,Leadership Development,5431,Knowledge
432,1554,Legal Advice Group,5432,Bussiness
433,1552,Legal Professionals Network,5433,Bussiness
434,1551,LGBTQ+ Community,5434,Awarness
435,1551,LGBTQ+ Rights Advocacy,5435,Volunteers
436,1551,LGBTQ+ Support Group,5436,Volunteers
437,1550,LGBTQ+ Support Network,5437,Volunteers
438,1550,Lifelong Learners,5438,Knowledge
439,1549,Literary Critique Group,5439,Arts
440,1545,Literary Gems,5440,Knowledge
441,1544,Live Music Concerts,5441,Music
442,1544,Live Music Festivals,5442,Music
443,1544,Live Music Jam Sessions,5443,Music
444,1544,Live Music Jams,5444,Music
445,1544,Live Music Open Mic Nights,5445,Music
446,1541,Live Music Performances,5446,Music
447,1540,Live Music Showcases,5447,Music
448,1537,Local Business Support,5448,Bussiness
449,1537,Long-Distance Relationships,5449,Awarness
450,1537,Lord of the Rings Fandom,5450,Fun
451,1535,Love and Relationships,5451,Awarness
452,1534,Magic and Illusion,5452,Arts
453,1533,Magic Performance Shows,5453,Arts
454,1532,Magic Tricks and Illusions,5454,Arts
455,1530,Magic Tricks Workshops,5455,Arts
456,1529,Magic Tricks Workshops and Performances,5456,Arts
457,1528,Makeup Addicts,5457,LifeStyle
458,1528,Makeup and Beauty,5458,LifeStyle
459,1527,Mandarin Chinese Learners,5459,Extracurricular
460,1527,Marathon Runners Club,5460,Sports
461,1527,Marathon Running Events,5461,Sports
462,1526,Marathon Training Group,5462,Sports
463,1523,Marathon Training Programs,5463,Sports
464,1521,Marketing Geniuses,5464,Bussiness
465,1520,Marriage and Family Counseling,5465,Awarness
466,1519,Martial Arts Masters,5466,Sports
467,1519,Marvel vs. DC Debate,5467,Entertainment
468,1519,Math Wizards,5468,Knowledge
469,1518,Mediation and Arbitration,5469,Spiritual
470,1517,Meditation and Mindfulness,5470,Spiritual
471,1517,Meditation Retreats,5471,Spiritual
472,1516,Men's Fashion Club,5472,LifeStyle
473,1516,Mental Health Awareness,5473,Spiritual
474,1513,Mental Health Support,5474,Spiritual
475,1513,Mental Health Support Groups,5475,Volunteers
476,1512,Mind-Body Connection Practices,5476,Spiritual
477,1512,Mindful Living Community,5477,Spiritual
478,1511,Mindfulness Meditation Retreats,5478,Spiritual
479,1510,Mindfulness Meditation Workshops,5479,Spiritual
480,1510,Mindfulness Tribe,5480,Spiritual
481,1509,Mixologists and Bartenders,5481,Food
482,1508,Mixology Competitions,5482,Food
483,1506,Mixology Workshops,5483,Food
484,1504,Mixology Workshops and Cocktail Competitions,5484,Food
485,1503,Mobile App Developers,5485,Computer Science
486,1503,Mobile App Development Courses,5486,Computer Science
487,1502,Mobile Game Designers,5487,Computer Science
488,1502,Mobile Game Developers,5488,Computer Science
489,1501,Model Building Club,5489,LifeStyle
490,1501,Model Train Enthusiasts,5490,LifeStyle
491,1499,Mommy and Me,5491,Awarness
492,1498,Moon Phases Observers,5492,Astronomy
493,1497,Motivational Speakers,5493,Arts
494,1497,Motor Racing Enthusiasts,5494,Sports
495,1496,Motorbike Customization,5495,Automobiles
496,1494,Motorbike Riders Club,5496,Sports
497,1493,Motorbike Riding Skills,5497,Sports
498,1492,Motorbike Riding Skills Training,5498,Sports
499,492,Motorcycle Riders Club,5499,Sports
500,1488,Motorcycle Riders Group,5500,Sports
501,1488,Motorsports Community,5501,Sports
502,1486,Mountain Biking Club,5502,Sports
503,1484,Mountain Biking Enthusiasts,5503,Fun
504,1482,Mountain Biking Trails,5504,Fun
505,1482,Mountain Climbing Club,5505,Fun
506,1481,Mountain Climbing Society,5506,Fun
507,1479,Mountain Hikers,5507,Fun
508,1477,Movie Buffs,5508,Entertainment
509,1475,Music Band Collaborations,5509,Music
510,1474,Music Collaboration Sessions and Jams,5510,Music
511,1473,Music Concert Organizers,5511,Music
512,1473,Music Concert Promotions,5512,Music
513,1473,Music Festivals and Concerts,5513,Music
514,1471,Music Jam Sessions,5514,Music
515,1470,Music Lovers,5515,Music
516,1470,Music Lovers Society,5516,Music
517,1469,Music Makers,5517,Arts
518,1468,Music Producers' Network,5518,Bussiness
519,1467,Music Production,5519,Arts
520,1467,Nail Art Enthusiasts,5520,Arts
521,1467,Nanotechnology Enthusiasts,5521,Technology
522,1464,Natural Beauty Care,5522,LifeStyle
523,1464,Nature Conservation,5523,Nature Lovers
524,1463,Nature Explorers,5524,Nature Lovers
525,1462,Nature Lovers,5525,Nature Lovers
526,1462,Neighborhood Watch,5526,Fun
527,1461,New Age Explorers,5527,Fun
528,1460,New Moms Support,5528,Volunteers
529,1460,New Parent Support Group,5529,Awarness
530,1460,New Parents Community,5530,Volunteers
531,1460,New Parents' Playdates,5531,Volunteers
532,1457,New Parents Support Group,5532,Volunteers
533,1457,Non-fiction Readers Club,5533,Knowledge
534,1457,Numerology Explorers,5534,Knowledge
535,1457,Nutrition and Dietetics,5535,Food
536,1456,Nutrition Enthusiasts,5536,Food
537,1455,Ocean Conservation Warriors,5537,Nature Lovers
538,1454,Off-Roading Adventures,5538,Fun
539,1453,Online Business Coaching,5539,Bussiness
540,1452,Online Business Masterminds,5540,Bussiness
541,1451,Online Business Owners,5541,Bussiness
542,1450,Online Courses Hub,5542,Knowledge
543,1450,Orchid Enthusiasts,5543,Nature Lovers
544,1449,Organic Farm Visits,5544,Awarness
545,1449,Organic Farming,5545,Extracurricular
546,1448,Organic Farming Community,5546,Extracurricular
547,1447,Organic Farming Network,5547,Extracurricular
548,1447,Organic Food Co-op,5548,Food
549,1447,Organic Gardening,5549,Extracurricular
550,1447,Organic Gardening Workshops,5550,Extracurricular
551,1447,Outdoor Adventures,5551,Fun
552,1446,Outdoor Photography,5552,Fun
553,1445,Outdoor Photography Expeditions,5553,Fun
554,1444,Painters United,5554,Arts
555,1442,Painting and Drawing,5555,Arts
556,1442,Palmistry and Hand Analysis,5556,Extracurricular
557,1442,Paralegal Support Circle,5557,Volunteers
558,1440,Parenting Podcasts,5558,Awarness
559,1439,Parenting Support,5559,Awarness
560,1438,Parenting Tips and Advice,5560,Awarness
561,1437,Parenting Tips and Tricks,5561,Awarness
562,1435,Parent-Teacher Association,5562,Awarness
563,1435,Personal Budgeting Tips,5563,Awarness
564,1434,Personal Development,5564,Awarness
565,1434,Pet Adoption Support,5565,Volunteers
566,1433,Pet Owners Club,5566,Veterinary
567,1433,Pet Owners Society,5567,Veterinary
568,1433,Pet Training Tips,5568,Veterinary
569,1433,Philosophy Circle,5569,Awarness
570,1429,Photography Hobbyists,5570,LifeStyle
571,1429,Photography Passion,5571,LifeStyle
572,1429,Photography Passionates,5572,LifeStyle
573,1427,Photography Walks,5573,Fun
574,1427,Plant-Based Cooking Classes,5574,Food
575,1425,Plant-Based Cooking Workshops,5575,Food
576,1423,Plant-Based Lifestyle Advocates,5576,Volunteers
577,1423,Plant-Based Nutrition,5577,Food
578,1417,Plant-Based Nutrition Workshops,5578,Food
579,1416,Plant-Based Nutrition Workshops and Cooking Classes,5579,Food
580,1415,Poetry Corner,5580,Arts
581,1415,Poetry Lovers Society,5581,Arts
582,1415,Poetry Slam,5582,Arts
583,1414,Poetry Society,5583,Arts
584,1414,Poker Night Crew,5584,Games
585,1412,Poker Players,5585,Games
586,1411,Political Debates,5586,Awarness
587,1409,Pop Music Fan Club,5587,Music
588,1408,Positive Birth Experiences,5588,Awarness
589,1407,Positive Discipline Circle,5589,Spiritual
590,1406,Pregnancy Nutrition Tips,5590,Awarness
591,1405,Prenatal Yoga and Fitness,5591,Fitness
592,1404,Printing Enthusiasts - 3D,5592,Technology
593,1401,Printing Workshops -3D,5593,Technology
594,1397,Psychic Abilities Development,5594,Spiritual
595,1396,Publishing Industry Insights,5595,Bussiness
596,1396,Quantum Computing Society,5596,Computer Science
597,1396,Racing Fanatics,5597,Sports
598,1395,Raw and Organic Foodies,5598,Food
599,1394,Real Estate Investment Club,5599,Bussiness
600,1393,Relationship Advice,5600,Awarness
601,1393,Relationship Building Skills,5601,Awarness
602,1392,Renewable Energy Advocates,5602,Bussiness
603,1392,Reptile Enthusiasts,5603,Nature Lovers
604,1390,Retirement Planning Strategies,5604,Awarness
605,1390,Retro Gaming Community,5605,Games
606,1389,Road Trip Enthusiasts,5606,Fun
607,1383,Robotics and Automation,5607,Computer Science
608,1383,Robotics Competitions,5608,Computer Science
609,1381,Robotics Workshops,5609,Computer Science
610,1381,Rock and Roll Society,5610,Miscellaneous
611,1381,Rock Climbing Adventures,5611,Fun
612,1378,Rock Climbing Tribe,5612,Fun
613,1378,Rose Growers Group,5613,Nature Lovers
614,1377,Running Challenges and Races,5614,Sports
615,1377,Running Club,5615,Sports
616,1377,Running Clubs and Teams,5616,Sports
617,1376,Running Enthusiasts,5617,Sports
618,1375,Running Events and Races,5618,Sports
619,1374,Running Races and Marathons,5619,Sports
620,1372,Salsa Dancing,5620,Fitness
621,1372,Science and Technology,5621,Knowledge
622,1371,Science Geeks,5622,Knowledge
623,1368,Sci-Fi Geeks United,5623,Knowledge
624,1367,Screenwriters' Group,5624,Arts
625,1367,Scriptwriters' Haven,5625,Arts
626,1366,Scuba Diving Certification,5626,Sports
627,1366,Scuba Diving Certification Courses,5627,Sports
628,1364,Scuba Diving Certification Courses and Dive Trips,5628,Sports
629,1364,Scuba Diving Explorations,5629,Sports
630,1363,Scuba Diving Explorers,5630,Sports
631,1363,Sculptors United,5631,Arts
632,1362,Sculpture Artists,5632,Arts
633,1361,Seniors Social Club,5633,Volunteers
634,1361,Sewing and Quilting,5634,Arts
635,1360,Sewing and Stitching,5635,Arts
636,1360,Sign Language Users,5636,Extracurricular
637,1359,Single Parents Dating,5637,Awarness
638,1358,Single Parents Support,5638,Volunteers
639,1358,Single Parents United,5639,Volunteers
640,1357,Singles Meetup,5640,Awarness
641,1357,Skateboarding and Longboarding,5641,Sports
642,1357,Skateboarding Competitions,5642,Sports
643,1356,Skateboarding Workshops,5643,Sports
644,1356,Ski and Snowboard Club,5644,Sports
645,1354,Sleep Better Group,5645,Awarness
646,1354,Small Pets Paradise,5646,Veterinary
647,1353,Soccer Coaching Clinics,5647,Sports
648,1351,Soccer Coaching Workshops,5648,Sports
649,1351,Soccer Fan Club,5649,Sports
650,1350,Soccer Skill Development,5650,Sports
651,1350,Soccer Skills Training,5651,Sports
652,1349,Soccer Stars,5652,Sports
653,1349,Soccer Strategy Sessions,5653,Sports
654,1348,Soccer Strategy Workshops,5654,Sports
655,1348,Soccer Training Academy,5655,Sports
656,1348,Social Impact Ventures,5656,Sports
657,1348,Social Justice Warriors,5657,Volunteers
658,1345,Social Media Influencers,5658,Awarness
659,1344,Social Media Marketing,5659,Bussiness
660,1344,Social Media Marketing Workshops,5660,Awarness
661,1344,Software Developers,5661,Computer Science
662,1344,Software Developers United,5662,Computer Science
663,1343,Solo Travelers Society,5663,Fun
664,1341,Songwriters' Circle,5664,Arts
665,1341,Songwriting Collaborations,5665,Arts
666,1340,Songwriting Workshops,5666,Arts
667,1340,Songwriting Workshops and Camps,5667,Arts
668,1340,Space Explorers,5668,Astronomy
669,1339,Spanish Language Enthusiasts,5669,Extracurricular
670,1338,Special Needs Parenting,5670,Volunteers
671,1338,Spice Explorers,5671,Fun
672,1337,Spiritual Awakening Circle,5672,Spiritual
673,1337,Sports Fanatics,5673,Sports
674,334,Sports Talk,5674,Sports
675,1334,Stand-Up Comedy Nights,5675,Entertainment
676,1332,Stand-Up Comedy Open Mic Nights,5676,Entertainment
677,1332,Stand-Up Comedy Performances,5677,Entertainment
678,1331,Stand-Up Comedy Shows,5678,Entertainment
679,331,Stand-Up Comedy Workshops,5679,Entertainment
680,1331,Star Wars Fans Society,5680,Entertainment
681,1330,Startup Accelerators,5681,Bussiness
682,1326,Startup Founders Network,5682,Bussiness
683,1326,Startup Nation,5683,Bussiness
684,1326,Startup Networking,5684,Bussiness
685,1325,Startup Networking Events,5685,Bussiness
686,1325,Startup Pitch Events,5686,Bussiness
687,1324,Startups and Venture Capital,5687,Bussiness
688,1322,Stock Market Traders,5688,Bussiness
689,1321,Stock Trading and Investing,5689,Bussiness
690,1320,Stock Trading and Investing Workshops,5690,Bussiness
691,1318,Stock Trading Seminars,5691,Bussiness
692,1318,Street Art and Graffiti,5692,Arts
693,1317,Street Art Collective,5693,Arts
694,1316,Street Art Exhibitions,5694,Arts
695,1316,Street Art Festivals,5695,Arts
696,1315,Street Art Festivals and Graffiti Workshops,5696,Arts
697,1312,Street Basketball League,5697,Sports
698,1312,Street Basketball Showdowns,5698,Sports
699,1312,Street Basketball Tournaments,5699,Sports
700,1312,Street Photography,5700,Arts
701,1311,Street Photography Exhibitions,5701,Arts
702,1311,Street Photography Society,5702,Arts
703,1307,Street Photography Walks,5703,Arts
704,1306,Street Soccer Leagues,5704,Sports
705,1306,Street Soccer Matches,5705,Sports
706,1305,Street Workout and Calisthenics,5706,Fitness
707,1303,Street Workout Challenges,5707,Fitness
708,1302,Stress Management,5708,Awarness
709,1302,Study Buddies,5709,Knowledge
710,1301,Style Icons,5710,LifeStyle
711,1299,Supercar Collectors,5711,Automobiles
712,1299,Surf and Skate Community,5712,Sports
713,1299,Surf Photography Association,5713,Fun
714,1298,Surf Photography Workshops,5714,Fun
715,1296,Surfing and Stand-up Paddleboarding,5715,Sports
716,1295,Surfing and Water Sports,5716,Sports
717,1294,Surfing Community,5717,Sports
718,1291,Sustainability Warriors,5718,Volunteers
719,1288,Sustainable Agriculture,5719,Extracurricular
720,1288,Sustainable Architecture,5720,Arts
721,1288,Sustainable Architecture Workshops,5721,Arts
722,1287,Sustainable Architecture Workshops and Seminars,5722,Arts
723,1287,Sustainable Energy,5723,Awarness
724,1286,Sustainable Energy Innovators,5724,Volunteers
725,1283,Sustainable Fashion,5725,LifeStyle
726,1280,Sustainable Fashion Events,5726,LifeStyle
727,1278,Sustainable Fashion Movement,5727,LifeStyle
728,1278,Sustainable Gardening,5728,Nature Lovers
729,1278,Sustainable Living,5729,LifeStyle
730,1275,Sustainable Travel,5730,Fun
731,1274,Sustainable Urban Planning,5731,Awarness
732,1273,Swimming Squad,5732,Sports
733,1271,Swing Dancing,5733,Fitness
734,1269,Tarot Card Readers,5734,Extracurricular
735,1268,Tax Preparation Help,5735,Awarness
736,1268,Tea Enthusiast Gatherings,5736,Food
737,1267,Tea Lovers Club,5737,Food
738,1266,Tea Tasting and Ceremonies,5738,Food
739,1264,Tea Tasting Workshops,5739,Food
740,1264,Tech Gadgets and Reviews,5740,Technology
741,1264,Tech Geeks,5741,Technology
742,1263,Tech Innovators,5742,Technology
743,1262,Tech Startups Hub,5743,Knowledge
744,1261,Technology Innovators,5744,Knowledge
745,1259,Tennis Clinics,5745,Sports
746,1256,Tennis Lovers Club,5746,Sports
747,1256,Tennis Titans,5747,Sports
748,1255,Tennis Tournaments,5748,Sports
749,1255,Tennis Tournaments and Matches,5749,Sports
750,1254,Theater Enthusiasts,5750,Entertainment
751,1254,Theater Geeks,5751,Entertainment
752,1253,Theater Lovers,5752,Entertainment
753,1251,Theater Performers,5753,Entertainment
754,1250,Theater Productions,5754,Entertainment
755,1249,Toddler Activities Network,5755,Volunteers
756,1248,Town Council Watchdogs,5756,Volunteers
757,1247,Travel Addicts,5757,Fun
758,1246,Travel Explorers,5758,Fun
759,1245,Travel Photography,5759,Fun
760,1245,Triathlon Competitions,5760,Sports
761,1245,Triathlon Races and Challenges,5761,Sports
762,1242,Triathlon Relay Races,5762,Sports
763,1242,Triathlon Training Group,5763,Sports
764,1241,Ultimate Frisbee Leagues,5764,Games
765,1239,Ultimate Frisbee Leagues and Tournaments,5765,Games
766,1238,Ultimate Frisbee Players,5766,Games
767,1237,Ultimate Frisbee Tournaments,5767,Games
768,1234,Underwater Photography,5768,Nature Lovers
769,1233,Urban Dance Battles,5769,Fitness
770,1233,Urban Dance Competitions,5770,Fitness
771,1232,Urban Dance Competitions and Battles,5771,Fitness
772,1230,Urban Dance Crew,5772,Fitness
773,1229,Urban Explorers,5773,Fun
774,1228,Urban Farming,5774,Extracurricular
775,1227,Urban Farming Cooperative,5775,Extracurricular
776,1227,Urban Farming Workshops,5776,Extracurricular
777,1226,Urban Farming Workshops and Experiences,5777,Extracurricular
778,1224,Urban Gardening,5778,Nature Lovers
779,1222,Urban Gardening Community,5779,Nature Lovers
780,1222,Vegan and Vegetarian Society,5780,Food
781,1221,Vegan Cooking Classes,5781,Food
782,1221,Vegan Food Festivals,5782,Food
783,1221,Vegan Potluck Dinners and Gatherings,5783,Food
784,1217,Vegan Potluck Gatherings,5784,Food
785,1217,Vegan Recipe Sharing,5785,Food
786,1216,Vegan Vibes,5786,Food
787,1215,Vegetable Gardeners Club,5787,Food
788,1215,Vegetarian Cooking Classes,5788,Food
789,1215,Vegetarian Cooking Demos,5789,Food
790,1215,Vegetarian Recipe Exchange,5790,Food
791,1215,Vintage Car Collectors,5791,Automobiles
792,1212,Vintage Car Restoration,5792,Automobiles
793,1206,Vintage Fashion,5793,LifeStyle
794,1206,Vintage Fashionistas,5794,LifeStyle
795,1205,Virtual Reality Enthusiasts,5795,Technology
796,1204,Virtual Reality Gaming,5796,Technology
797,1203,Virtual Reality Gaming Competitions,5797,Technology
798,1202,Virtual Reality Gaming Tournaments,5798,Technology
799,1201,Visual Arts Collective,5799,Arts
800,1200,Volunteer Network,5800,Volunteers
801,1200,Wanderlust Explorers,5801,Fun
802,1198,Watercolor Painting Group,5802,Arts
803,1195,Wealth Building Strategies,5803,Arts
804,1194,Web Designers Guild,5804,Computer Science
805,1193,Web Developers Hub,5805,Computer Science
806,1192,Web Development Bootcamp,5806,Computer Science
807,1190,Web Development Hackathons,5807,Computer Science
808,1190,Web Development Meetups,5808,Computer Science
809,1188,Web Development Wizards,5809,Computer Science
810,1186,Weight Loss Warriors,5810,Fitness
811,1185,Weightlifting and Powerlifting,5811,Fitness
812,1184,Weightlifting Competitions,5812,Fitness
813,1182,Wellness Warriors,5813,Fitness
814,1182,Wilderness Explorers,5814,Fun
815,1182,Wildlife Conservation Efforts,5815,Veterinary
816,1181,Wildlife Conservation Society,5816,Veterinary
817,1181,Wildlife Conservationists,5817,Veterinary
818,1181,Wildlife Photography,5818,Fun
819,1180,Wildlife Photography Expeditions,5819,Fun
820,1179,Wildlife Photography Society,5820,Veterinary
821,1179,Wildlife Photography Workshops and Expeditions,5821,Veterinary
822,1178,Wildlife Rehabilitation,5822,Veterinary
823,1176,Wildlife Watchers,5823,Veterinary
824,1175,Wildlife Watching,5824,Fun
825,1174,Wine and Cheese Pairing Events,5825,Food
826,1173,Wine Enthusiasts,5826,Food
827,1173,Wine Tasting and Pairing,5827,Food
828,1172,Wine Tasting Events,5828,Food
829,1172,Wine Tasting Experiences,5829,Food
830,1171,Wine Tasting Society,5830,Food
831,1170,Wine Tasting Tours,5831,Food
832,1170,Women in Business,5832,Bussiness
833,1168,Woodworking Guild,5833,Arts
834,1167,Writers' Corner,5834,Knowledge
835,1166,Writers' Workshop,5835,Knowledge
836,1166,Writing Prompts Challenge,5836,Knowledge
837,1165,Yoga and Meditation,5837,Spiritual
838,1163,Yoga and Meditation Retreats,5838,Spiritual
839,1163,Yoga and Spirituality,5839,Spiritual
840,1161,Yoga and Wellness,5840,Spiritual
841,1161,Yoga Teacher Training,5841,Spiritual
842,1158,Yoga Teacher Workshops,5842,Spiritual
843,1158,Yoga Tribe,5843,Spiritual
844,1157,Young Entrepreneurs Circle,5844,Bussiness
845,1157,Youth Empowerment Initiatives,5845,Bussiness
846,1155,Zen and Mindfulness Meditation,5846,Spiritual
847,1154,Zen Meditation Retreats,5847,Spiritual
848,1153,Zero Waste Heroes,5848,Volunteers
849,1151,Zodiac Sign Insights,5849,Extracurricular
850,1151,Zumba Party,5850,Fitness
851,1151,Accessory Junkies,5851,LifeStyle
852,1151,Acoustic Music Jam Sessions,5852,Music
853,1150,Acoustic Music Performances,5853,Music
854,1147,Actors' Guild,5854,Entertainment
855,1146,Adventure Racing Team,5855,Fun
856,1146,Adventure Seekers,5856,Fun
857,1145,Adventure Travel Experiences,5857,Fun
858,1145,Adventure Travel Group,5858,Fun
859,1142,Adventure Travelers,5859,Fun
860,1141,AI and Machine Learning,5860,Computer Science
861,1139,AI and Machine Learning Conferences,5861,Computer Science
862,1139,AI and Robotics Research,5862,Computer Science
863,1138,AI Enthusiasts,5863,Computer Science
864,1137,Amateur Astronomers,5864,Astronomy
865,1136,Animal Lovers,5865,Veterinary
866,1136,Animal Photography Club,5866,Veterinary
867,1136,Animal Rescue Heroes,5867,Veterinary
868,1135,Animal Rescue Network,5868,Veterinary
869,1132,Animal Rights Awareness Campaigns,5869,Veterinary
870,1132,Animal Rights Awareness Events and Campaigns,5870,Veterinary
871,132,Animal Sanctuary Volunteers,5871,Veterinary
872,1131,Animal Shelter Volunteers,5872,Veterinary
873,1129,Animal Welfare Volunteers,5873,Veterinary
874,1128,Anime Addicts,5874,Cartoons
875,1128,Anime and Manga Lovers,5875,Cartoons
876,1128,App Developers Alliance,5876,Computer Science
877,1127,App Developers Forum,5877,Computer Science
878,1127,App Development,5878,Computer Science
879,1127,App Development Bootcamps,5879,Computer Science
880,1127,App Development Courses,5880,Computer Science
881,1126,App Development Hackathons,5881,Computer Science
882,1125,Aquarium Hobbyists,5882,Veterinary
883,1121,Arabic Language Hub,5883,Extracurricular
884,1120,Archaeology Enthusiasts,5884,Fun
885,1118,Architectural Photography,5885,Fun
886,1117,Architectural Tours,5886,Fun
887,1117,Architecture Admirers,5887,Fun
888,1117,Art Aficionados,5888,Arts
889,1116,Art Enthusiasts,5889,Arts
890,1116,Art Therapy Group,5890,Arts
891,1115,Artisans and Craftspeople,5891,Arts
892,1115,Artistic Expressions,5892,Entertainment
893,1113,Astral Projection Society,5893,Spiritual
894,1113,Astrology Enthusiasts,5894,Astronomy
895,1109,Astronomy and Astrophysics,5895,Astronomy
896,1108,Astronomy Club,5896,Astronomy
897,1107,Atheist and Agnostic Thinkers,5897,Religious
898,1105,Augmented Reality (AR) Collective,5898,Technology
899,1102,Automotive Technology,5899,Technology
900,1101,Baby Sign Language,5900,Extracurricular
901,1100,Babywearing Community,5901,Extracurricular
902,1098,Backpacking Buddies,5902,Extracurricular
903,1097,Backyard Gardening Club,5903,Extracurricular
904,1096,Backyard Gardening Tips,5904,Extracurricular
905,1095,Backyard Gardening Tips and Tricks Workshops,5905,Extracurricular
906,1094,Baking and Pastry Club,5906,Food
907,1094,Baking Brigade,5907,Food
908,1092,Basketball Coaching Clinics,5908,Sports
909,1091,Basketball Fanatics,5909,Sports
910,1091,Basketball Fans United,5910,Sports
911,1091,Basketball Pickup Games,5911,Sports
912,1091,Basketball Tournaments,5912,Sports
913,1088,BBQ Lovers Club,5913,Food
914,1088,Beach Bums,5914,Fun
915,1086,Beach Cleanup Drives,5915,Extracurricular
916,1085,Beach Cleanup Initiatives,5916,Extracurricular
917,1084,Beach Volleyball Club,5917,Sports
918,1084,Biohackers Lab,5918,Fun
919,1082,Bird Watchers Society,5919,Veterinary
920,1082,Bird Watching Society,5920,Veterinary
921,1081,Birdwatching and Ornithology,5921,Veterinary
922,1079,Birdwatching Excursions,5922,Fun
923,1079,Blended Families Together,5923,Spiritual
924,1078,Blockchain Builders,5924,Computer Science
925,1078,Blockchain Enthusiasts,5925,Computer Science
926,1077,Blockchain Technology Adoption,5926,Computer Science
927,1077,Blockchain Technology Seminars,5927,Computer Science
928,1075,Blockchain Technology Summits,5928,Computer Science
929,1075,Blog Monetization Strategies,5929,Extracurricular
930,1075,Blogging and Content Creation,5930,Extracurricular
931,1074,Blogging and Content Creation Workshops,5931,Extracurricular
932,1073,Blood Donors Guild,5932,Volunteers
933,1073,Bodybuilding Titans,5933,Sports
934,1071,Bonsai Tree Aficionados,5934,Nature Lovers
935,1070,Book Club,5935,Knowledge
936,1070,Bookworms Unite,5936,Knowledge
937,1069,Bookworms United,5937,Knowledge
938,1068,Breastfeeding Advocacy,5938,Awarness
939,1068,Bridge and Card Games,5939,Games
940,1065,Buddhist Meditation Group,5940,Spiritual
941,1064,Business Networking Group,5941,Bussiness
942,1063,Cactus and Succulent Collectors,5942,Nature Lovers
943,1063,Cake Decorating Classes and Workshops,5943,Food
944,1063,Cake Decorating Workshop,5944,Food
945,1062,Calligraphy and Hand Lettering,5945,Knowledge
946,1061,Calligraphy Workshops,5946,Knowledge
947,1060,Calligraphy Workshops and Practice Sessions,5947,Knowledge
948,1059,Camping and Hiking,5948,Fun
949,1059,Camping and Hiking Group,5949,Fun
950,1059,Car Enthusiasts,5950,Automobiles
951,1059,Car Enthusiasts Club,5951,Automobiles
952,1058,Car Modification Crew,5952,Automobiles
953,1055,Car Racing Championships,5953,Sports
954,1052,Car Racing Championships and Track Days,5954,Sports
955,1051,Car Racing Enthusiasts,5955,Sports
956,1050,Car Rally Racing,5956,Sports
957,1050,Car Restoration Club,5957,Automobiles
958,1046,Carpenters' Guild,5958,Extracurricular
959,1044,Cat Care Tips,5959,Veterinary
960,1044,Cat Lovers Club,5960,Veterinary
961,1043,Cat Owners Club,5961,Automobiles
962,1042,Chess Coaching Sessions,5962,Games
963,1041,Chess Competitions,5963,Games
964,1040,Chess Masters,5964,Games
965,1039,Chess Open Tournaments,5965,Games
966,1037,Chess Puzzle Solving,5966,Games
967,1034,Chess Simultaneous Exhibition,5967,Games
968,1033,Chess Simultaneous Matches,5968,Games
969,1033,Chess Strategies and Tactics,5969,Games
970,1032,Chess Strategy Workshops,5970,Games
971,1031,Chess Tactics Workshop,5971,Games
972,1029,Chocolate Indulgence,5972,Food
973,1027,Christian Fellowship,5973,Religious
974,1024,Classic Car Collectors,5974,Automobiles
975,1023,Classic Car Exhibitions,5975,Automobiles
976,1022,Classic Car Restoration,5976,Automobiles
977,1022,Classic Car Shows,5977,Automobiles
978,1020,Classical Music Lovers,5978,Music
979,1020,Climate Change Activists,5979,Nature Lovers
980,1020,Cloud Computing Crew,5980,Computer Science
981,1019,Code Wizards,5981,Computer Science
982,1018,Coding Bootcamp Grads,5982,Computer Science
983,1017,Coding Bootcamps,5983,Computer Science
984,1017,Coding Challenges and Contests,5984,Computer Science
985,1016,Coding Ninjas,5985,Computer Science
986,1016,Coding Workshops and Meetups,5986,Computer Science
987,1015,Coffee Addicts,5987,Food
988,1014,Coffee and Conversations,5988,Food
989,1014,Coffee Appreciation Club,5989,Food
990,1013,Coffee Connoisseurs,5990,Food
991,1012,Coffee Cupping Sessions,5991,Food
992,1008,Coffee Roasting and Brewing,5992,Food
993,1007,Coffee Tasting Workshops,5993,Food
994,1007,Coin Collecting Society,5994,Fun
995,1002,Collectors' Corner,5995,Fun
996,1001,Comedy Club,5996,Entertainment
997,1000,Comic Book Artists Collective,5997,Cartoons
998,1000,Comic Book Enthusiasts,5988,Cartoons
999,998,Comic Book Writing Workshops,5989,Cartoons
1000,997,Community Gardeners,5990,Nature Lovers
1001,995,Community Service Heroes,5991,Volunteers
1002,993,Contemporary Art Exhibitions,5992,Arts
1003,993,Contemporary Art Workshops,5993,Arts
1004,991,Contemporary Dance Classes,5994,Fitness
1005,989,Contemporary Dance Group,5995,Fitness
1006,989,Contemporary Sculpture Art,5996,Arts
1007,989,Cooking Classes,5997,Food
1008,989,Cooking Connoisseurs,5998,Food
1009,986,Cooking Masters,5999,Food
1010,986,Cosplay Community,6000,Entertainment
1011,986,Country Music Fans,6001,Music
1012,985,Courtroom Drama Fans,6002,Entertainment
1013,983,Craft Beer Brewing Workshops,6003,Food
1014,983,Craft Beer Connoisseurs,6004,Food
1015,983,Craft Beer Enthusiasts,6005,Food
1016,983,Craft Beer Tasting Events,6006,Food
1017,981,Craft Cocktail Making Classes,6007,Food
1018,981,Craft Cocktail Making Workshops,6008,Food
1019,980,Craft Cocktail Recipes,6009,Food
1020,980,Craft Cocktails and Mixology,6010,Food
1021,978,Creative Advertising,6011,Arts
1022,976,Creative Minds,6012,Arts
1023,976,Creative Writers Guild,6013,Arts
1024,973,Creative Writing Circle,6014,Arts
1025,969,Credit Score Improvement,6015,Bussiness
1026,968,Criminal Justice Reform,6016,Awarness
1027,968,CrossFit Competitions and Challenges,6017,Fitness
1028,967,CrossFit Training Group,6018,Fitness
1029,965,Cryptocurrency Education,6019,Knowledge
1030,963,Cryptocurrency Investors,6020,Knowledge
1031,962,Cryptocurrency Trading Seminars,6021,Knowledge
1032,961,Cryptocurrency Trading Workshops,6022,Knowledge
1033,961,Crystal Healing Circle,6023,Spiritual
1034,958,Culinary Delights,6024,Food
1035,958,Cultural Exchange Program,6025,Religious
1036,957,Cultural Heritage Society,6026,Religious
1037,957,Cultural Immersion,6027,Religious
1038,957,Cybersecurity Warriors,6028,Computer Science
1039,953,Cycling Adventures,6029,Computer Science
1040,952,Cycling Crew,6030,Sports
1041,951,Cycling Enthusiasts,6031,Sports
1042,949,Cycling Tours and Races,6032,Sports
1043,947,Daddy's Squad,6033,Miscellaneous
1044,945,Dance Fever,6034,Fitness
1045,944,Dance Fusion,6035,Fitness
1046,943,Dance Performers,6036,Fitness
1047,943,Dance Revolution,6037,Fitness
1048,942,Data Analytics Guild,6038,Computer Science
1049,942,Data Science and Analytics,6039,Computer Science
1050,942,Data Science Bootcamps,6040,Computer Science
1051,941,Data Science Conferences,6041,Computer Science
1052,939,Data Science Society,6042,Computer Science
1053,938,Data Scientists United,6043,Computer Science
1054,938,Dating Advice Group,6044,Awarness
1055,934,Deep-Sea Diving Courses,6045,Nature Lovers
1056,934,Deep-Sea Diving Expeditions,6046,Nature Lovers
1057,932,Deep-Sea Fishing Expeditions,6047,Nature Lovers
1058,930,Design Enthusiasts,6048,Knowledge
1059,929,Digital Art Competitions,6049,Arts
1060,928,Digital Art Exhibitions,6050,Arts
1061,927,Digital Art Exhibitions and Galleries,6051,Arts
1062,926,Digital Artists' Collective,6052,Arts
1063,925,Digital Explorers,6053,Arts
1064,925,Digital Illustrators' Group,6054,Arts
1065,925,Digital Marketing Experts,6055,Bussiness
1066,925,Digital Marketing Masters,6056,Bussiness
1067,924,Digital Marketing Workshops,6057,Bussiness
1068,924,Digital Nomads,6058,Arts
1069,924,Digital Painting Classes,6059,Arts
1070,923,Digital Painting Community,6060,Arts
1071,922,Digital Painting Workshops,6061,Arts
1072,921,Disaster Relief Efforts,6062,Volunteers
1073,919,Disc Golf Players Association,6063,Sports
1074,917,Disc Golf Tournaments,6064,Sports
1075,915,Divorce Recovery Circle,6065,Volunteers
1076,915,DIY Crafters,6066,Arts
1077,915,DIY Home Decor,6067,Arts
1078,915,DIY Masters,6068,Arts
1079,913,Dog Agility Training,6069,Veterinary
1080,912,Dog Breeders Association,6070,Veterinary
1081,912,Dog Lovers Community,6071,Veterinary
1082,910,Dog Lovers Society,6072,Veterinary
1083,906,Dog Training Tips,6073,Veterinary
1084,904,Dog Walking Group,6074,Veterinary
1085,902,Drawing and Sketching Club,6075,Arts
1086,902,Drawing and Sketching Workshops,6076,Arts
1087,901,Eco-Friendly Innovators,6077,Knowledge
1088,900,Eco-Friendly Living,6078,Knowledge
1089,900,E-commerce Empire,6079,Bussiness
1090,899,EDM Party Animals,6080,Music
1091,898,Elderly Care Support,6081,Volunteers
1092,898,Electric Vehicle Advocates,6082,Bussiness
1093,898,English Learners Society,6083,Knowledge
1094,894,Entrepreneurs Hub,6084,Bussiness
1095,893,Entrepreneurs League,6085,Bussiness
1096,893,Entrepreneurs' Network,6086,Bussiness
1097,892,Entrepreneurship Forums,6087,Bussiness
1098,891,Entrepreneurship Journey,6088,Bussiness
1099,890,Entrepreneurship Seminars,6089,Bussiness
1100,890,Entrepreneurship Workshops,6090,Bussiness
1101,888,Environmental Activists,6091,Nature Lovers
1102,887,Environmental Cleanup Crew,6092,Nature Lovers
1103,887,Environmental Education,6093,Awarness
1104,886,Ethical Fashion,6094,LifeStyle
1105,886,Exotic Animal Keepers,6095,Veterinary
1106,884,Extreme Sports Junkies,6096,Sports
1107,879,Fair Trade Fashion,6097,LifeStyle
1108,879,Fantasy Book Club,6098,Knowledge
1109,878,Fashion Bloggers,6099,LifeStyle
1110,877,Fashion Bloggers Community,6100,LifeStyle
1111,877,Fashion Design Competitions,6101,Arts
1112,875,Fashion Design Workshops,6102,Arts
1113,874,Fashion Designers Circle,6103,Arts
1114,874,Fashion Designers Guild,6104,Arts
1115,874,Fashion Entrepreneurs,6105,Bussiness
1116,873,Fashion Illustration,6106,Arts
1117,871,Fashion Modeling,6107,Arts
1118,871,Fashion Styling,6108,LifeStyle
1119,870,Fashion Styling Workshops,6109,Arts
1120,870,Fashion Stylists Association,6110,LifeStyle
1121,869,Fashion Stylists Guild,6111,LifeStyle
1122,869,Fashionistas Forever,6112,LifeStyle
1123,869,Fashionistas Unite,6113,LifeStyle
1124,868,Fiction Writers Guild,6114,Arts
1125,867,Fiction Writers' Society,6115,Arts
1126,865,Fiction Writing Contests,6116,Arts
1127,865,Fiction Writing Workshops,6117,Arts
1128,864,Fiction Writing Workshops and Critique Groups,6118,Arts
1129,863,Film Analysis Discussions,6119,Arts
1130,863,Film and Cinema,6120,Entertainment
1131,863,Film Appreciation Society,6121,Volunteers
1132,862,Film Buffs,6122,Entertainment
1133,859,Film Buffs Association,6123,Entertainment
1134,858,Film Critics Association,6124,Entertainment
1135,857,Film Directing Workshops,6125,Arts
1136,856,Film Fanatics,6126,Entertainment
1137,856,Film Festival Society,6127,Entertainment
1138,853,Film Festivals,6128,Entertainment
1139,852,Film Industry Network,6129,Bussiness
1140,852,Film Industry Networking,6130,Bussiness
1141,848,Film Industry Seminars,6131,Arts
1142,848,Film Production Club,6132,Bussiness
1143,848,Film Production Courses and Training,6133,Arts
1144,845,Film Production Workshops,6134,Arts
1145,844,Film Screenings and Discussions,6135,Arts
1146,842,Film Screenwriting Workshops,6136,Arts
1147,841,Filmmakers' Network,6137,Arts
1148,841,Filmmaking Collaborators,6138,Arts
1149,839,Financial Independence Journey,6139,Bussiness
1150,838,Fine Arts Appreciation,6140,Arts
1151,838,Fine Arts Exhibitions,6141,Arts
1152,837,Fine Arts Society,6142,Arts
1153,837,Fine Arts Workshops,6143,Arts
1154,837,Fishing Enthusiasts,6144,Fun
1155,835,Fitness Bootcamp Training,6145,Fitness
1156,834,Fitness Bootcamp Workouts,6146,Fitness
1157,832,Fitness Challenges,6147,Fitness
1158,829,Fitness Enthusiasts,6148,Fitness
1159,829,Fitness Fanatics,6149,Fitness
1160,827,Fitness Junkies,6150,Fitness
1161,827,Fitness Motivation,6151,Fitness
1162,826,Fitness Park Meetup,6152,Fitness
1163,826,Fitness Studio Members,6153,Fitness
1164,825,Flower Power Society,6154,Nature Lovers
1165,820,Food Bloggers,6155,Food
1166,820,Foodie Club,6156,Food
1167,819,Foodies Forever,6157,Food
1168,818,Foodies Paradise,6158,Food
1169,818,Football Fan Club,6159,Sports
1170,816,Football Leagues and Matches,6160,Sports
1171,815,Football Pickup Games,6161,Sports
1172,815,Football Tournaments,6162,Sports
1173,815,Freelance Networking Events,6163,Bussiness
1174,814,Freelance Writers,6164,Bussiness
1175,814,Freelancer Networking Events,6165,Bussiness
1176,813,Freelancer Networking Events and Meetups,6166,Bussiness
1177,812,Freelancers' Community,6167,Bussiness
1178,811,Freelancers Union,6168,Bussiness
1179,810,Freelancers United,6169,Bussiness
1180,806,French Conversation Circle,6170,Extracurricular
1181,804,Freshwater Fishing Competitions,6171,Fun
1182,804,Freshwater Fishing Enthusiasts,6172,Fun
1183,802,Freshwater Fishing Tournaments,6173,Fun
1184,802,Frugal Living Community,6174,Awarness
1185,802,Game Development,6175,Games
1186,801,Gamers United,6176,Games
1187,800,Gaming Clan,6177,Games
1188,800,Gaming Community,6178,Games
1189,800,Gaming Gurus,6179,Games
1190,796,Gaming Warriors,6180,Games
1191,796,Gardening Enthusiasts,6181,Nature Lovers
1192,796,Gardening Gurus,6182,Nature Lovers
1193,796,Genetics and Biotechnology,6183,Nature Lovers
1194,794,Gentle Parenting Circle,6184,Awarness
1195,793,German Speakers Community,6185,Extracurricular
1196,793,Giving Back Society,6186,Volunteers
1197,792,Glamour and Elegance,6187,LifeStyle
1198,792,Grandparents' Love,6188,Volunteers
1199,792,Graphic Design Guild,6189,Arts
1200,790,Graphic Designers,6190,Arts
1201,790,Green Building Council,6191,Bussiness
1202,790,Green Living Advocates,6192,Bussiness
1203,790,Green Living Collective,6193,Bussiness
1204,789,Gymaholics,6194,Fitness
1205,788,Hair Care Experts,6195,LifeStyle
1206,788,Harry Potter Fan Club,6196,Entertainment
1207,788,Health and Nutrition,6197,Fitness
1208,788,Health and Wellness,6198,Fitness
1209,787,Healthy Eaters,6199,Food
1210,787,Healthy Eating,6200,Fitness
1211,786,Healthy Living Community,6201,Fitness
1212,786,Herb and Spice Lovers,6202,Food
1213,785,Hiking and Camping Crew,6203,Fun
1214,785,Hiking and Mountaineering,6204,Fun
1215,784,Hiking and Trekking,6205,Fun
1216,781,Hiking and Trekking Adventures,6206,Fun
1217,780,Hindu Devotees Group,6207,Religious
1218,779,Historic Architecture Appreciation,6208,Arts
1219,777,Historical Preservation,6209,Arts
1220,775,History Buffs,6210,Arts
1221,774,Holistic Healing,6211,Spiritual
1222,773,Holistic Healing Practices,6212,Spiritual
1223,772,Holistic Healing Retreats,6213,Spiritual
1224,772,Holistic Healing Workshops,6214,Spiritual
1225,772,Holistic Health and Wellness,6215,Fitness
1226,771,Home Brewing,6216,Extracurricular
1227,768,Homeless Shelter Helpers,6217,Volunteers
1228,768,Homeschooling Network,6218,Bussiness
1229,766,Horoscope Predictions,6219,Extracurricular
1230,765,Horse Riders Network,6220,Sports
1231,763,Human Rights Advocacy,6221,Volunteers
1232,763,Humanitarian Aid Network,6222,Volunteers
1233,762,Hydroponic Gardening,6223,Nature Lovers
1234,762,Illustrators United,6224,Arts
1235,759,Improv Comedy Troupe,6225,Entertainment
1236,759,Independent Film Festivals,6226,Entertainment
1237,756,Independent Film Screenings,6227,Entertainment
1238,753,Independent Filmmakers,6228,Entertainment
1239,753,Independent Filmmaking Tips,6229,Entertainment
1240,750,Independent Music Labels,6230,Music
1241,750,Independent Music Releases,6231,Music
1242,749,Indie Filmmakers,6232,Entertainment
1243,747,Indie Music Artists,6233,Music
1244,746,Indie Music Concerts,6234,Music
1245,743,Indie Music Scene,6235,Music
1246,742,Indoor Plant Enthusiasts,6236,Nature Lovers
1247,741,Indoor Rock Climbing,6237,Fun
1248,737,Indoor Rock Climbing Competitions,6238,Fun
1249,737,Indoor Rock Climbing Gyms,6239,Fun
1250,735,Intellectual Property Rights,6240,Awarness
1251,734,Interior Designers' Alliance,6241,Arts
1252,733,Internet of Things (IoT) Pioneers,6242,Computer Science
1253,732,Intimacy and Sexuality,6243,Awarness
1254,730,Investment Insights,6244,Bussiness
1255,729,IoT Connectors,6245,Computer Science
1256,728,Islamic Faith Community,6246,Religious
1257,728,Italian Language Immersion,6247,Extracurricular
1258,728,Japanese Language Study,6248,Extracurricular
1259,728,Jazz Aficionados,6249,Music
1260,727,Jazz and Blues Lovers,6250,Music
1261,722,Jewish Heritage Network,6251,Religious
1262,719,Journaling Journey,6252,Arts
1263,719,Kayaking and Canoeing,6253,Sports
1264,717,Kiteboarding and Windsurfing,6254,Sports
1265,716,Kitesurfing and Windsurfing,6255,Sports
1266,713,Kitesurfing Competitions,6256,Sports
1267,712,Kitesurfing Competitions and Festivals,6257,Sports
1268,712,Knitting and Crocheting,6258,Arts
1269,711,Knowledge Seekers,6259,Knowledge
1270,710,Language and Culture Exchange,6260,Extracurricular
1271,709,Language Enthusiasts,6261,Extracurricular
1272,708,Language Exchange,6262,Extracurricular
1273,706,Language Exchange Group,6263,Extracurricular
1274,705,Language Exchange Program,6264,Extracurricular
1275,705,Language Exchange Programs,6265,Extracurricular
1276,704,Language Learners,6266,Extracurricular
1277,703,Language Learners Club,6267,Extracurricular
1278,703,Language Learning App,6268,Computer Science
1279,702,Language Learning Meetups,6269,Extracurricular
1280,701,Law School Applicants,6270,Knowledge
1281,697,Leadership Development,6271,Knowledge
1282,695,Legal Advice Group,6272,Bussiness
1283,695,Legal Professionals Network,6273,Bussiness
1284,693,LGBTQ+ Community,6274,Awarness
1285,691,LGBTQ+ Rights Advocacy,6275,Volunteers
1286,691,LGBTQ+ Support Group,6276,Volunteers
1287,691,LGBTQ+ Support Network,6277,Volunteers
1288,690,Lifelong Learners,6278,Knowledge
1289,690,Literary Critique Group,6279,Arts
1290,690,Literary Gems,6280,Knowledge
1291,689,Live Music Concerts,6281,Music
1292,688,Live Music Festivals,6282,Music
1293,686,Live Music Jam Sessions,6283,Music
1294,686,Live Music Jams,6284,Music
1295,686,Live Music Open Mic Nights,6285,Music
1296,686,Live Music Performances,6286,Music
1297,681,Live Music Showcases,6287,Music
1298,680,Local Business Support,6288,Bussiness
1299,680,Long-Distance Relationships,6289,Awarness
1300,680,Lord of the Rings Fandom,6290,Fun
1301,680,Love and Relationships,6291,Awarness
1302,678,Magic and Illusion,6292,Arts
1303,677,Magic Performance Shows,6293,Arts
1304,675,Magic Tricks and Illusions,6294,Arts
1305,674,Magic Tricks Workshops,6295,Arts
1306,673,Magic Tricks Workshops and Performances,6296,Arts
1307,672,Makeup Addicts,6297,LifeStyle
1308,669,Makeup and Beauty,6298,LifeStyle
1309,669,Mandarin Chinese Learners,6299,Extracurricular
1310,666,Marathon Runners Club,6300,Sports
1311,666,Marathon Running Events,6301,Sports
1312,665,Marathon Training Group,6302,Sports
1313,665,Marathon Training Programs,6303,Sports
1314,663,Marketing Geniuses,6304,Bussiness
1315,663,Marriage and Family Counseling,6305,Awarness
1316,662,Martial Arts Masters,6306,Sports
1317,660,Marvel vs. DC Debate,6307,Entertainment
1318,659,Math Wizards,6308,Knowledge
1319,657,Mediation and Arbitration,6309,Spiritual
1320,656,Meditation and Mindfulness,6310,Spiritual
1321,655,Meditation Retreats,6311,Spiritual
1322,654,Men's Fashion Club,6312,LifeStyle
1323,653,Mental Health Awareness,6313,Spiritual
1324,651,Mental Health Support,6314,Spiritual
1325,651,Mental Health Support Groups,6315,Volunteers
1326,650,Mind-Body Connection Practices,6316,Spiritual
1327,649,Mindful Living Community,6317,Spiritual
1328,648,Mindfulness Meditation Retreats,6318,Spiritual
1329,646,Mindfulness Meditation Workshops,6319,Spiritual
1330,646,Mindfulness Tribe,6320,Spiritual
1331,645,Mixologists and Bartenders,6321,Food
1332,644,Mixology Competitions,6322,Food
1333,643,Mixology Workshops,6323,Food
1334,642,Mixology Workshops and Cocktail Competitions,6324,Food
1335,641,Mobile App Developers,6325,Computer Science
1336,639,Mobile App Development Courses,6326,Computer Science
1337,638,Mobile Game Designers,6327,Computer Science
1338,636,Mobile Game Developers,6328,Computer Science
1339,636,Model Building Club,6329,LifeStyle
1340,636,Model Train Enthusiasts,6330,LifeStyle
1341,636,Mommy and Me,6331,Awarness
1342,635,Moon Phases Observers,6332,Astronomy
1343,633,Motivational Speakers,6333,Arts
1344,631,Motor Racing Enthusiasts,6334,Sports
1345,629,Motorbike Customization,6335,Automobiles
1346,629,Motorbike Riders Club,6336,Sports
1347,629,Motorbike Riding Skills,6337,Sports
1348,625,Motorbike Riding Skills Training,6338,Sports
1349,624,Motorcycle Riders Club,6339,Sports
1350,623,Motorcycle Riders Group,6340,Sports
1351,622,Motorsports Community,6341,Sports
1352,621,Mountain Biking Club,6342,Sports
1353,620,Mountain Biking Enthusiasts,6343,Fun
1354,618,Mountain Biking Trails,6344,Fun
1355,616,Mountain Climbing Club,6345,Fun
1356,616,Mountain Climbing Society,6346,Fun
1357,615,Mountain Hikers,6347,Fun
1358,615,Movie Buffs,6348,Entertainment
1359,614,Music Band Collaborations,6349,Music
1360,614,Music Collaboration Sessions and Jams,6350,Music
1361,614,Music Concert Organizers,6351,Music
1362,614,Music Concert Promotions,6352,Music
1363,611,Music Festivals and Concerts,6353,Music
1364,610,Music Jam Sessions,6354,Music
1365,609,Music Lovers,6355,Music
1366,608,Music Lovers Society,6356,Music
1367,608,Music Makers,6357,Arts
1368,608,Music Producers' Network,6358,Bussiness
1369,607,Music Production,6359,Arts
1370,605,Nail Art Enthusiasts,6360,Arts
1371,604,Nanotechnology Enthusiasts,6361,Technology
1372,604,Natural Beauty Care,6362,LifeStyle
1373,601,Nature Conservation,6363,Nature Lovers
1374,600,Nature Explorers,6364,Nature Lovers
1375,600,Nature Lovers,6365,Nature Lovers
1376,600,Neighborhood Watch,6366,Fun
1377,598,New Age Explorers,6367,Fun
1378,598,New Moms Support,6368,Volunteers
1379,597,New Parent Support Group,6369,Awarness
1380,596,New Parents Community,6370,Volunteers
1381,595,New Parents' Playdates,6371,Volunteers
1382,595,New Parents Support Group,6372,Volunteers
1383,594,Non-fiction Readers Club,6373,Knowledge
1384,594,Numerology Explorers,6374,Knowledge
1385,594,Nutrition and Dietetics,6375,Food
1386,591,Nutrition Enthusiasts,6376,Food
1387,591,Ocean Conservation Warriors,6377,Nature Lovers
1388,589,Off-Roading Adventures,6378,Fun
1389,589,Online Business Coaching,6379,Bussiness
1390,586,Online Business Masterminds,6380,Bussiness
1391,586,Online Business Owners,6381,Bussiness
1392,584,Online Courses Hub,6382,Knowledge
1393,582,Orchid Enthusiasts,6383,Nature Lovers
1394,580,Organic Farm Visits,6384,Awarness
1395,579,Organic Farming,6385,Extracurricular
1396,579,Organic Farming Community,6386,Extracurricular
1397,577,Organic Farming Network,6387,Extracurricular
1398,577,Organic Food Co-op,6388,Food
1399,576,Organic Gardening,6389,Extracurricular
1400,575,Organic Gardening Workshops,6390,Extracurricular
1401,574,Outdoor Adventures,6391,Fun
1402,574,Outdoor Photography,6392,Fun
1403,573,Outdoor Photography Expeditions,6393,Fun
1404,573,Painters United,6394,Arts
1405,572,Painting and Drawing,6395,Arts
1406,570,Palmistry and Hand Analysis,6396,Extracurricular
1407,570,Paralegal Support Circle,6397,Volunteers
1408,568,Parenting Podcasts,6398,Awarness
1409,568,Parenting Support,6399,Awarness
1410,567,Parenting Tips and Advice,6400,Awarness
1411,566,Parenting Tips and Tricks,6401,Awarness
1412,566,Parent-Teacher Association,6402,Awarness
1413,566,Personal Budgeting Tips,6403,Awarness
1414,566,Personal Development,6404,Awarness
1415,565,Pet Adoption Support,6405,Volunteers
1416,564,Pet Owners Club,6406,Veterinary
1417,562,Pet Owners Society,6407,Veterinary
1418,561,Pet Training Tips,6408,Veterinary
1419,559,Philosophy Circle,6409,Awarness
1420,558,Photography Hobbyists,6410,LifeStyle
1421,557,Photography Passion,6411,LifeStyle
1422,556,Photography Passionates,6412,LifeStyle
1423,556,Photography Walks,6413,Fun
1424,555,Plant-Based Cooking Classes,6414,Food
1425,552,Plant-Based Cooking Workshops,6415,Food
1426,552,Plant-Based Lifestyle Advocates,6416,Volunteers
1427,551,Plant-Based Nutrition,6417,Food
1428,551,Plant-Based Nutrition Workshops,6418,Food
1429,550,Plant-Based Nutrition Workshops and Cooking Classes,6419,Food
1430,550,Poetry Corner,6420,Arts
1431,550,Poetry Lovers Society,6421,Arts
1432,548,Poetry Slam,6422,Arts
1433,548,Poetry Society,6423,Arts
1434,547,Poker Night Crew,6424,Games
1435,546,Poker Players,6425,Games
1436,543,Political Debates,6426,Awarness
1437,541,Pop Music Fan Club,6427,Music
1438,540,Positive Birth Experiences,6428,Awarness
1439,537,Positive Discipline Circle,6429,Spiritual
1440,536,Pregnancy Nutrition Tips,6430,Awarness
1441,535,Prenatal Yoga and Fitness,6431,Fitness
1442,534,Printing Enthusiasts - 3D,6432,Technology
1443,534,Printing Workshops -3D,6433,Technology
1444,534,Psychic Abilities Development,6434,Spiritual
1445,533,Publishing Industry Insights,6435,Bussiness
1446,531,Quantum Computing Society,6436,Computer Science
1447,531,Racing Fanatics,6437,Sports
1448,531,Raw and Organic Foodies,6438,Food
1449,530,Real Estate Investment Club,6439,Bussiness
1450,530,Relationship Advice,6440,Awarness
1451,528,Relationship Building Skills,6441,Awarness
1452,528,Renewable Energy Advocates,6442,Bussiness
1453,527,Reptile Enthusiasts,6443,Nature Lovers
1454,527,Retirement Planning Strategies,6444,Awarness
1455,526,Retro Gaming Community,6445,Games
1456,525,Road Trip Enthusiasts,6446,Fun
1457,525,Robotics and Automation,6447,Computer Science
1458,525,Robotics Competitions,6448,Computer Science
1459,523,Robotics Workshops,6449,Computer Science
1460,521,Rock and Roll Society,6450,Miscellaneous
1461,520,Rock Climbing Adventures,6451,Fun
1462,519,Rock Climbing Tribe,6452,Fun
1463,518,Rose Growers Group,6453,Nature Lovers
1464,515,Running Challenges and Races,6454,Sports
1465,513,Running Club,6455,Sports
1466,513,Running Clubs and Teams,6456,Sports
1467,512,Running Enthusiasts,6457,Sports
1468,511,Running Events and Races,6458,Sports
1469,511,Running Races and Marathons,6459,Sports
1470,510,Salsa Dancing,6460,Fitness
1471,509,Science and Technology,6461,Knowledge
1472,509,Science Geeks,6462,Knowledge
1473,509,Sci-Fi Geeks United,6463,Knowledge
1474,509,Screenwriters' Group,6464,Arts
1475,509,Scriptwriters' Haven,6465,Arts
1476,508,Scuba Diving Certification,6466,Sports
1477,504,Scuba Diving Certification Courses,6467,Sports
1478,503,Scuba Diving Certification Courses and Dive Trips,6468,Sports
1479,503,Scuba Diving Explorations,6469,Sports
1480,502,Scuba Diving Explorers,6470,Sports
1481,501,Sculptors United,6471,Arts
1482,500,Sculpture Artists,6472,Arts
1483,497,Seniors Social Club,6473,Volunteers
1484,494,Sewing and Quilting,6474,Arts
1485,494,Sewing and Stitching,6475,Arts
1486,494,Sign Language Users,6476,Extracurricular
1487,491,Single Parents Dating,6477,Awarness
1488,490,Single Parents Support,6478,Volunteers
1489,490,Single Parents United,6479,Volunteers
1490,489,Singles Meetup,6480,Awarness
1491,489,Skateboarding and Longboarding,6481,Sports
1492,488,Skateboarding Competitions,6482,Sports
1493,487,Skateboarding Workshops,6483,Sports
1494,487,Ski and Snowboard Club,6484,Sports
1495,487,Sleep Better Group,6485,Awarness
1496,485,Small Pets Paradise,6486,Veterinary
1497,482,Soccer Coaching Clinics,6487,Sports
1498,482,Soccer Coaching Workshops,6488,Sports
1499,481,Soccer Fan Club,6489,Sports
1500,476,Soccer Skill Development,6490,Sports
1501,474,Soccer Skills Training,6491,Sports
1502,473,Soccer Stars,6492,Sports
1503,471,Soccer Strategy Sessions,6493,Sports
1504,471,Soccer Strategy Workshops,6494,Sports
1505,471,Soccer Training Academy,6495,Sports
1506,470,Social Impact Ventures,6496,Sports
1507,469,Social Justice Warriors,6497,Volunteers
1508,469,Social Media Influencers,6498,Awarness
1509,468,Social Media Marketing,6499,Bussiness
1510,465,Social Media Marketing Workshops,6500,Awarness
1511,465,Software Developers,6501,Computer Science
1512,464,Software Developers United,6502,Computer Science
1513,459,Solo Travelers Society,6503,Fun
1514,459,Songwriters' Circle,6504,Arts
1515,459,Songwriting Collaborations,6505,Arts
1516,457,Songwriting Workshops,6506,Arts
1517,456,Songwriting Workshops and Camps,6507,Arts
1518,454,Space Explorers,6508,Astronomy
1519,453,Spanish Language Enthusiasts,6509,Extracurricular
1520,452,Special Needs Parenting,6510,Volunteers
1521,450,Spice Explorers,6511,Fun
1522,449,Spiritual Awakening Circle,6512,Spiritual
1523,446,Sports Fanatics,6513,Sports
1524,446,Sports Talk,6514,Sports
1525,444,Stand-Up Comedy Nights,6515,Entertainment
1526,444,Stand-Up Comedy Open Mic Nights,6516,Entertainment
1527,444,Stand-Up Comedy Performances,6517,Entertainment
1528,442,Stand-Up Comedy Shows,6518,Entertainment
1529,442,Stand-Up Comedy Workshops,6519,Entertainment
1530,442,Star Wars Fans Society,6520,Entertainment
1531,441,Startup Accelerators,6521,Bussiness
1532,440,Startup Founders Network,6522,Bussiness
1533,437,Startup Nation,6523,Bussiness
1534,437,Startup Networking,6524,Bussiness
1535,437,Startup Networking Events,6525,Bussiness
1536,435,Startup Pitch Events,6526,Bussiness
1537,434,Startups and Venture Capital,6527,Bussiness
1538,434,Stock Market Traders,6528,Bussiness
1539,434,Stock Trading and Investing,6529,Bussiness
1540,434,Stock Trading and Investing Workshops,6530,Bussiness
1541,432,Stock Trading Seminars,6531,Bussiness
1542,432,Street Art and Graffiti,6532,Arts
1543,428,Street Art Collective,6533,Arts
1544,428,Street Art Exhibitions,6534,Arts
1545,427,Street Art Festivals,6535,Arts
1546,427,Street Art Festivals and Graffiti Workshops,6536,Arts
1547,426,Street Basketball League,6537,Sports
1548,425,Street Basketball Showdowns,6538,Sports
1549,425,Street Basketball Tournaments,6539,Sports
1550,425,Street Photography,6540,Arts
1551,423,Street Photography Exhibitions,6541,Arts
1552,423,Street Photography Society,6542,Arts
1553,422,Street Photography Walks,6543,Arts
1554,422,Street Soccer Leagues,6544,Sports
1555,422,Street Soccer Matches,6545,Sports
1556,417,Street Workout and Calisthenics,6546,Fitness
1557,415,Street Workout Challenges,6547,Fitness
1558,414,Stress Management,6548,Awarness
1559,414,Study Buddies,6549,Knowledge
1560,413,Style Icons,6550,LifeStyle
1561,413,Supercar Collectors,6551,Automobiles
1562,412,Surf and Skate Community,6552,Sports
1563,412,Surf Photography Association,6553,Fun
1564,412,Surf Photography Workshops,6554,Fun
1565,411,Surfing and Stand-up Paddleboarding,6555,Sports
1566,410,Surfing and Water Sports,6556,Sports
1567,409,Surfing Community,6557,Sports
1568,408,Sustainability Warriors,6558,Volunteers
1569,407,Sustainable Agriculture,6559,Extracurricular
1570,407,Sustainable Architecture,6560,Arts
1571,404,Sustainable Architecture Workshops,6561,Arts
1572,402,Sustainable Architecture Workshops and Seminars,6562,Arts
1573,400,Sustainable Energy,6563,Awarness
1574,399,Sustainable Energy Innovators,6564,Volunteers
1575,398,Sustainable Fashion,6565,LifeStyle
1576,396,Sustainable Fashion Events,6566,LifeStyle
1577,396,Sustainable Fashion Movement,6567,LifeStyle
1578,394,Sustainable Gardening,6568,Nature Lovers
1579,394,Sustainable Living,6569,LifeStyle
1580,393,Sustainable Travel,6570,Fun
1581,392,Sustainable Urban Planning,6571,Awarness
1582,391,Swimming Squad,6572,Sports
1583,389,Swing Dancing,6573,Fitness
1584,388,Tarot Card Readers,6574,Extracurricular
1585,388,Tax Preparation Help,6575,Awarness
1586,388,Tea Enthusiast Gatherings,6576,Food
1587,387,Tea Lovers Club,6577,Food
1588,387,Tea Tasting and Ceremonies,6578,Food
1589,386,Tea Tasting Workshops,6579,Food
1590,386,Tech Gadgets and Reviews,6580,Technology
1591,386,Tech Geeks,6581,Technology
1592,383,Tech Innovators,6582,Technology
1593,381,Tech Startups Hub,6583,Knowledge
1594,379,Technology Innovators,6584,Knowledge
1595,379,Tennis Clinics,6585,Sports
1596,378,Tennis Lovers Club,6586,Sports
1597,377,Tennis Titans,6587,Sports
1598,376,Tennis Tournaments,6588,Sports
1599,376,Tennis Tournaments and Matches,6589,Sports
1600,375,Theater Enthusiasts,6590,Entertainment
1601,374,Theater Geeks,6591,Entertainment
1602,374,Theater Lovers,6592,Entertainment
1603,373,Theater Performers,6593,Entertainment
1604,368,Theater Productions,6594,Entertainment
1605,367,Toddler Activities Network,6595,Volunteers
1606,367,Town Council Watchdogs,6596,Volunteers
1607,366,Travel Addicts,6597,Fun
1608,363,Travel Explorers,6598,Fun
1609,362,Travel Photography,6599,Fun
1610,362,Triathlon Competitions,6600,Sports
1611,361,Triathlon Races and Challenges,6601,Sports
1612,360,Triathlon Relay Races,6602,Sports
1613,360,Triathlon Training Group,6603,Sports
1614,359,Ultimate Frisbee Leagues,6604,Games
1615,357,Ultimate Frisbee Leagues and Tournaments,6605,Games
1616,356,Ultimate Frisbee Players,6606,Games
1617,355,Ultimate Frisbee Tournaments,6607,Games
1618,354,Underwater Photography,6608,Nature Lovers
1619,353,Urban Dance Battles,6609,Fitness
1620,353,Urban Dance Competitions,6610,Fitness
1621,352,Urban Dance Competitions and Battles,6611,Fitness
1622,351,Urban Dance Crew,6612,Fitness
1623,351,Urban Explorers,6613,Fun
1624,350,Urban Farming,6614,Extracurricular
1625,350,Urban Farming Cooperative,6615,Extracurricular
1626,350,Urban Farming Workshops,6616,Extracurricular
1627,350,Urban Farming Workshops and Experiences,6617,Extracurricular
1628,349,Urban Gardening,6618,Nature Lovers
1629,348,Urban Gardening Community,6619,Nature Lovers
1630,348,Vegan and Vegetarian Society,6620,Food
1631,347,Vegan Cooking Classes,6621,Food
1632,346,Vegan Food Festivals,6622,Food
1633,345,Vegan Potluck Dinners and Gatherings,6623,Food
1634,344,Vegan Potluck Gatherings,6624,Food
1635,344,Vegan Recipe Sharing,6625,Food
1636,342,Vegan Vibes,6626,Food
1637,341,Vegetable Gardeners Club,6627,Food
1638,340,Vegetarian Cooking Classes,6628,Food
1639,340,Vegetarian Cooking Demos,6629,Food
1640,340,Vegetarian Recipe Exchange,6630,Food
1641,338,Vintage Car Collectors,6631,Automobiles
1642,337,Vintage Car Restoration,6632,Automobiles
1643,337,Vintage Fashion,6633,LifeStyle
1644,337,Vintage Fashionistas,6634,LifeStyle
1645,335,Virtual Reality Enthusiasts,6635,Technology
1646,335,Virtual Reality Gaming,6636,Technology
1647,335,Virtual Reality Gaming Competitions,6637,Technology
1648,333,Virtual Reality Gaming Tournaments,6638,Technology
1649,333,Visual Arts Collective,6639,Arts
1650,332,Volunteer Network,6640,Volunteers
1651,332,Wanderlust Explorers,6641,Fun
1652,332,Watercolor Painting Group,6642,Arts
1653,331,Wealth Building Strategies,6643,Arts
1654,330,Web Designers Guild,6644,Computer Science
1655,328,Web Developers Hub,6645,Computer Science
1656,323,Web Development Bootcamp,6646,Computer Science
1657,322,Web Development Hackathons,6647,Computer Science
1658,321,Web Development Meetups,6648,Computer Science
1659,319,Web Development Wizards,6649,Computer Science
1660,319,Weight Loss Warriors,6650,Fitness
1661,314,Weightlifting and Powerlifting,6651,Fitness
1662,312,Weightlifting Competitions,6652,Fitness
1663,311,Wellness Warriors,6653,Fitness
1664,310,Wilderness Explorers,6654,Fun
1665,310,Wildlife Conservation Efforts,6655,Veterinary
1666,308,Wildlife Conservation Society,6656,Veterinary
1667,308,Wildlife Conservationists,6657,Veterinary
1668,307,Wildlife Photography,6658,Fun
1669,307,Wildlife Photography Expeditions,6659,Fun
1670,307,Wildlife Photography Society,6660,Veterinary
1671,306,Wildlife Photography Workshops and Expeditions,6661,Veterinary
1672,305,Wildlife Rehabilitation,6662,Veterinary
1673,303,Wildlife Watchers,6663,Veterinary
1674,299,Wildlife Watching,6664,Fun
1675,298,Wine and Cheese Pairing Events,6665,Food
1676,297,Wine Enthusiasts,6666,Food
1677,295,Wine Tasting and Pairing,6667,Food
1678,294,Wine Tasting Events,6668,Food
1679,293,Wine Tasting Experiences,6669,Food
1680,292,Wine Tasting Society,6670,Food
1681,291,Wine Tasting Tours,6671,Food
1682,291,Women in Business,6672,Bussiness
1683,290,Woodworking Guild,6673,Arts
1684,290,Writers' Corner,6674,Knowledge
1685,289,Writers' Workshop,6675,Knowledge
1686,288,Writing Prompts Challenge,6676,Knowledge
1687,288,Yoga and Meditation,6677,Spiritual
1688,287,Yoga and Meditation Retreats,6678,Spiritual
1689,286,Yoga and Spirituality,6679,Spiritual
1690,281,Yoga and Wellness,6680,Spiritual
1691,277,Yoga Teacher Training,6681,Spiritual
1692,277,Yoga Teacher Workshops,6682,Spiritual
1693,276,Yoga Tribe,6683,Spiritual
1694,276,Young Entrepreneurs Circle,6684,Bussiness
1695,275,Youth Empowerment Initiatives,6685,Bussiness
1696,275,Zen and Mindfulness Meditation,6686,Spiritual
1697,274,Zen Meditation Retreats,6687,Spiritual
1698,274,Zero Waste Heroes,6688,Volunteers
1699,273,Zodiac Sign Insights,6689,Extracurricular
1700,273,Zumba Party,6690,Fitness
1701,272,Accessory Junkies,6691,LifeStyle
1702,271,Acoustic Music Jam Sessions,6692,Music
1703,270,Acoustic Music Performances,6693,Music
1704,269,Actors' Guild,6694,Entertainment
1705,267,Adventure Racing Team,6695,Fun
1706,266,Adventure Seekers,6696,Fun
1707,265,Adventure Travel Experiences,6697,Fun
1708,264,Adventure Travel Group,6698,Fun
1709,264,Adventure Travelers,6699,Fun
1710,263,AI and Machine Learning,6700,Computer Science
1711,261,AI and Machine Learning Conferences,6701,Computer Science
1712,261,AI and Robotics Research,6702,Computer Science
1713,260,AI Enthusiasts,6703,Computer Science
1714,258,Amateur Astronomers,6704,Astronomy
1715,258,Animal Lovers,6705,Veterinary
1716,257,Animal Photography Club,6706,Veterinary
1717,257,Animal Rescue Heroes,6707,Veterinary
1718,256,Animal Rescue Network,6708,Veterinary
1719,256,Animal Rights Awareness Campaigns,6709,Veterinary
1720,256,Animal Rights Awareness Events and Campaigns,6710,Veterinary
1721,254,Animal Sanctuary Volunteers,6711,Veterinary
1722,254,Animal Shelter Volunteers,6712,Veterinary
1723,253,Animal Welfare Volunteers,6713,Veterinary
1724,251,Anime Addicts,6714,Cartoons
1725,250,Anime and Manga Lovers,6715,Cartoons
1726,247,App Developers Alliance,6716,Computer Science
1727,247,App Developers Forum,6717,Computer Science
1728,247,App Development,6718,Computer Science
1729,246,App Development Bootcamps,6719,Computer Science
1730,246,App Development Courses,6720,Computer Science
1731,244,App Development Hackathons,6721,Computer Science
1732,243,Aquarium Hobbyists,6722,Veterinary
1733,242,Arabic Language Hub,6723,Extracurricular
1734,242,Archaeology Enthusiasts,6724,Fun
1735,242,Architectural Photography,6725,Fun
1736,241,Architectural Tours,6726,Fun
1737,241,Architecture Admirers,6727,Fun
1738,240,Art Aficionados,6728,Arts
1739,238,Art Enthusiasts,6729,Arts
1740,238,Art Therapy Group,6730,Arts
1741,236,Artisans and Craftspeople,6731,Arts
1742,236,Artistic Expressions,6732,Entertainment
1743,232,Astral Projection Society,6733,Spiritual
1744,232,Astrology Enthusiasts,6734,Astronomy
1745,230,Astronomy and Astrophysics,6735,Astronomy
1746,230,Astronomy Club,6736,Astronomy
1747,229,Atheist and Agnostic Thinkers,6737,Religious
1748,226,Augmented Reality (AR) Collective,6738,Technology
1749,226,Automotive Technology,6739,Technology
1750,226,Baby Sign Language,6740,Extracurricular
1751,225,Babywearing Community,6741,Extracurricular
1752,223,Backpacking Buddies,6742,Extracurricular
1753,223,Backyard Gardening Club,6743,Extracurricular
1754,222,Backyard Gardening Tips,6744,Extracurricular
1755,222,Backyard Gardening Tips and Tricks Workshops,6745,Extracurricular
1756,222,Baking and Pastry Club,6746,Food
1757,220,Baking Brigade,6747,Food
1758,219,Basketball Coaching Clinics,6748,Sports
1759,219,Basketball Fanatics,6749,Sports
1760,218,Basketball Fans United,6750,Sports
1761,217,Basketball Pickup Games,6751,Sports
1762,217,Basketball Tournaments,6752,Sports
1763,215,BBQ Lovers Club,6753,Food
1764,214,Beach Bums,6754,Fun
1765,213,Beach Cleanup Drives,6755,Extracurricular
1766,213,Beach Cleanup Initiatives,6756,Extracurricular
1767,212,Beach Volleyball Club,6757,Sports
1768,211,Biohackers Lab,6758,Fun
1769,209,Bird Watchers Society,6759,Veterinary
1770,208,Bird Watching Society,6760,Veterinary
1771,208,Birdwatching and Ornithology,6761,Veterinary
1772,208,Birdwatching Excursions,6762,Fun
1773,207,Blended Families Together,6763,Spiritual
1774,206,Blockchain Builders,6764,Computer Science
1775,206,Blockchain Enthusiasts,6765,Computer Science
1776,200,Blockchain Technology Adoption,6766,Computer Science
1777,198,Blockchain Technology Seminars,6767,Computer Science
1778,197,Blockchain Technology Summits,6768,Computer Science
1779,197,Blog Monetization Strategies,6769,Extracurricular
1780,197,Blogging and Content Creation,6770,Extracurricular
1781,196,Blogging and Content Creation Workshops,6771,Extracurricular
1782,196,Blood Donors Guild,6772,Volunteers
1783,196,Bodybuilding Titans,6773,Sports
1784,196,Bonsai Tree Aficionados,6774,Nature Lovers
1785,195,Book Club,6775,Knowledge
1786,195,Bookworms Unite,6776,Knowledge
1787,193,Bookworms United,6777,Knowledge
1788,193,Breastfeeding Advocacy,6778,Awarness
1789,192,Bridge and Card Games,6779,Games
1790,192,Buddhist Meditation Group,6780,Spiritual
1791,191,Business Networking Group,6781,Bussiness
1792,190,Cactus and Succulent Collectors,6782,Nature Lovers
1793,190,Cake Decorating Classes and Workshops,6783,Food
1794,188,Cake Decorating Workshop,6784,Food
1795,186,Calligraphy and Hand Lettering,6785,Knowledge
1796,185,Calligraphy Workshops,6786,Knowledge
1797,185,Calligraphy Workshops and Practice Sessions,6787,Knowledge
1798,184,Camping and Hiking,6788,Fun
1799,184,Camping and Hiking Group,6789,Fun
1800,184,Car Enthusiasts,6790,Automobiles
1801,183,Car Enthusiasts Club,6791,Automobiles
1802,182,Car Modification Crew,6792,Automobiles
1803,182,Car Racing Championships,6793,Sports
1804,181,Car Racing Championships and Track Days,6794,Sports
1805,180,Car Racing Enthusiasts,6795,Sports
1806,179,Car Rally Racing,6796,Sports
1807,178,Car Restoration Club,6797,Automobiles
1808,177,Carpenters' Guild,6798,Extracurricular
1809,177,Cat Care Tips,6799,Veterinary
1810,176,Cat Lovers Club,6800,Veterinary
1811,176,Cat Owners Club,6801,Automobiles
1812,174,Chess Coaching Sessions,6802,Games
1813,173,Chess Competitions,6803,Games
1814,172,Chess Masters,6804,Games
1815,172,Chess Open Tournaments,6805,Games
1816,171,Chess Puzzle Solving,6806,Games
1817,170,Chess Simultaneous Exhibition,6807,Games
1818,169,Chess Simultaneous Matches,6808,Games
1819,169,Chess Strategies and Tactics,6809,Games
1820,167,Chess Strategy Workshops,6810,Games
1821,167,Chess Tactics Workshop,6811,Games
1822,167,Chocolate Indulgence,6812,Food
1823,167,Christian Fellowship,6813,Religious
1824,166,Classic Car Collectors,6814,Automobiles
1825,165,Classic Car Exhibitions,6815,Automobiles
1826,163,Classic Car Restoration,6816,Automobiles
1827,163,Classic Car Shows,6817,Automobiles
1828,162,Classical Music Lovers,6818,Music
1829,159,Climate Change Activists,6819,Nature Lovers
1830,159,Cloud Computing Crew,6820,Computer Science
1831,159,Code Wizards,6821,Computer Science
1832,158,Coding Bootcamp Grads,6822,Computer Science
1833,158,Coding Bootcamps,6823,Computer Science
1834,158,Coding Challenges and Contests,6824,Computer Science
1835,156,Coding Ninjas,6825,Computer Science
1836,155,Coding Workshops and Meetups,6826,Computer Science
1837,153,Coffee Addicts,6827,Food
1838,153,Coffee and Conversations,6828,Food
1839,151,Coffee Appreciation Club,6829,Food
1840,150,Coffee Connoisseurs,6830,Food
1841,150,Coffee Cupping Sessions,6831,Food
1842,149,Coffee Roasting and Brewing,6832,Food
1843,148,Coffee Tasting Workshops,6833,Food
1844,148,Coin Collecting Society,6834,Fun
1845,147,Collectors' Corner,6835,Fun
1846,147,Comedy Club,6836,Entertainment
1847,145,Comic Book Artists Collective,6837,Cartoons
1848,144,Comic Book Enthusiasts,6838,Cartoons
1849,142,Comic Book Writing Workshops,6839,Cartoons
1850,142,Community Gardeners,6840,Nature Lovers
1851,141,Community Service Heroes,6841,Volunteers
1852,141,Contemporary Art Exhibitions,6842,Arts
1853,137,Contemporary Art Workshops,6843,Arts
1854,137,Contemporary Dance Classes,6844,Fitness
1855,134,Contemporary Dance Group,6845,Fitness
1856,133,Contemporary Sculpture Art,6846,Arts
1857,133,Cooking Classes,6847,Food
1858,132,Cooking Connoisseurs,6848,Food
1859,132,Cooking Masters,6849,Food
1860,131,Cosplay Community,6850,Entertainment
1861,130,Country Music Fans,6851,Music
1862,130,Courtroom Drama Fans,6852,Entertainment
1863,130,Craft Beer Brewing Workshops,6853,Food
1864,129,Craft Beer Connoisseurs,6854,Food
1865,128,Craft Beer Enthusiasts,6855,Food
1866,128,Craft Beer Tasting Events,6856,Food
1867,127,Craft Cocktail Making Classes,6857,Food
1868,127,Craft Cocktail Making Workshops,6858,Food
1869,126,Craft Cocktail Recipes,6859,Food
1870,126,Craft Cocktails and Mixology,6860,Food
1871,124,Creative Advertising,6861,Arts
1872,122,Creative Minds,6862,Arts
1873,121,Creative Writers Guild,6863,Arts
1874,120,Creative Writing Circle,6864,Arts
1875,120,Credit Score Improvement,6865,Bussiness
1876,117,Criminal Justice Reform,6866,Awarness
1877,117,CrossFit Competitions and Challenges,6867,Fitness
1878,117,CrossFit Training Group,6868,Fitness
1879,117,Cryptocurrency Education,6869,Knowledge
1880,116,Cryptocurrency Investors,6870,Knowledge
1881,116,Cryptocurrency Trading Seminars,6871,Knowledge
1882,115,Cryptocurrency Trading Workshops,6872,Knowledge
1883,115,Crystal Healing Circle,6873,Spiritual
1884,113,Culinary Delights,6874,Food
1885,113,Cultural Exchange Program,6875,Religious
1886,113,Cultural Heritage Society,6876,Religious
1887,113,Cultural Immersion,6877,Religious
1888,111,Cybersecurity Warriors,6878,Computer Science
1889,110,Cycling Adventures,6879,Computer Science
1890,109,Cycling Crew,6880,Sports
1891,108,Cycling Enthusiasts,6881,Sports
1892,107,Cycling Tours and Races,6882,Sports
1893,106,Daddy's Squad,6883,Miscellaneous
1894,105,Dance Fever,6884,Fitness
1895,104,Dance Fusion,6885,Fitness
1896,103,Dance Performers,6886,Fitness
1897,103,Dance Revolution,6887,Fitness
1898,101,Data Analytics Guild,6888,Computer Science
1899,101,Data Science and Analytics,6889,Computer Science
1900,100,Data Science Bootcamps,6890,Computer Science
1901,99,Data Science Conferences,6891,Computer Science
1902,98,Data Science Society,6892,Computer Science
1903,97,Data Scientists United,6893,Computer Science
1904,95,Dating Advice Group,6894,Awarness
1905,95,Deep-Sea Diving Courses,6895,Nature Lovers
1906,94,Deep-Sea Diving Expeditions,6896,Nature Lovers
1907,88,Deep-Sea Fishing Expeditions,6897,Nature Lovers
1908,87,Design Enthusiasts,6898,Knowledge
1909,87,Digital Art Competitions,6899,Arts
1910,86,Digital Art Exhibitions,6900,Arts
1911,86,Digital Art Exhibitions and Galleries,6901,Arts
1912,86,Digital Artists' Collective,6902,Arts
1913,84,Digital Explorers,6903,Arts
1914,83,Digital Illustrators' Group,6904,Arts
1915,83,Digital Marketing Experts,6905,Bussiness
1916,83,Digital Marketing Masters,6906,Bussiness
1917,83,Digital Marketing Workshops,6907,Bussiness
1918,83,Digital Nomads,6908,Arts
1919,82,Digital Painting Classes,6909,Arts
1920,82,Digital Painting Community,6910,Arts
1921,81,Digital Painting Workshops,6911,Arts
1922,81,Disaster Relief Efforts,6912,Volunteers
1923,80,Disc Golf Players Association,6913,Sports
1924,78,Disc Golf Tournaments,6914,Sports
1925,77,Divorce Recovery Circle,6915,Volunteers
1926,76,DIY Crafters,6916,Arts
1927,76,DIY Home Decor,6917,Arts
1928,75,DIY Masters,6918,Arts
1929,75,Dog Agility Training,6919,Veterinary
1930,75,Dog Breeders Association,6920,Veterinary
1931,73,Dog Lovers Community,6921,Veterinary
1932,73,Dog Lovers Society,6922,Veterinary
1933,72,Dog Training Tips,6923,Veterinary
1934,71,Dog Walking Group,6924,Veterinary
1935,69,Drawing and Sketching Club,6925,Arts
1936,69,Drawing and Sketching Workshops,6926,Arts
1937,69,Eco-Friendly Innovators,6927,Knowledge
1938,66,Eco-Friendly Living,6928,Knowledge
1939,64,E-commerce Empire,6929,Bussiness
1940,64,EDM Party Animals,6930,Music
1941,63,Elderly Care Support,6931,Volunteers
1942,60,Electric Vehicle Advocates,6932,Bussiness
1943,60,English Learners Society,6933,Knowledge
1944,59,Entrepreneurs Hub,6934,Bussiness
1945,57,Entrepreneurs League,6935,Bussiness
1946,56,Entrepreneurs' Network,6936,Bussiness
1947,55,Entrepreneurship Forums,6937,Bussiness
1948,55,Entrepreneurship Journey,6938,Bussiness
1949,55,Entrepreneurship Seminars,6939,Bussiness
1950,54,Entrepreneurship Workshops,6940,Bussiness
1951,53,Environmental Activists,6941,Nature Lovers
1952,53,Environmental Cleanup Crew,6942,Nature Lovers
1953,53,Environmental Education,6943,Awarness
1954,53,Ethical Fashion,6944,LifeStyle
1955,52,Exotic Animal Keepers,6945,Veterinary
1956,51,Extreme Sports Junkies,6946,Sports
1957,50,Fair Trade Fashion,6947,LifeStyle
1958,50,Fantasy Book Club,6948,Knowledge
1959,50,Fashion Bloggers,6949,LifeStyle
1960,50,Fashion Bloggers Community,6950,LifeStyle
1961,47,Fashion Design Competitions,6951,Arts
1962,46,Fashion Design Workshops,6952,Arts
1963,46,Fashion Designers Circle,6953,Arts
1964,45,Fashion Designers Guild,6954,Arts
1965,42,Fashion Entrepreneurs,6955,Bussiness
1966,37,Fashion Illustration,6956,Arts
1967,36,Fashion Modeling,6957,Arts
1968,34,Fashion Styling,6958,LifeStyle
1969,34,Fashion Styling Workshops,6959,Arts
1970,32,Fashion Stylists Association,6960,LifeStyle
1971,31,Fashion Stylists Guild,6961,LifeStyle
1972,29,Fashionistas Forever,6962,LifeStyle
1973,29,Fashionistas Unite,6963,LifeStyle
1974,29,Fiction Writers Guild,6964,Arts
1975,25,Fiction Writers' Society,6965,Arts
1976,25,Fiction Writing Contests,6966,Arts
1977,25,Fiction Writing Workshops,6967,Arts
1978,25,Fiction Writing Workshops and Critique Groups,6968,Arts
1979,24,Film Analysis Discussions,6969,Arts
1980,24,Film and Cinema,6970,Entertainment
1981,23,Film Appreciation Society,6971,Volunteers
1982,22,Film Buffs,6972,Entertainment
1983,22,Film Buffs Association,6973,Entertainment
1984,20,Film Critics Association,6974,Entertainment
1985,18,Film Directing Workshops,6975,Arts
1986,16,Film Fanatics,6976,Entertainment
1987,15,Film Festival Society,6977,Entertainment
1988,15,Film Festivals,6978,Entertainment
1989,13,Film Industry Network,6979,Bussiness
1990,13,Film Industry Networking,6980,Bussiness
1991,12,Film Industry Seminars,6981,Arts
1992,11,Film Production Club,6982,Bussiness
1993,11,Film Production Courses and Training,6983,Arts
1994,10,Film Production Workshops,6984,Arts
1995,10,Film Screenings and Discussions,6985,Arts
1996,9,Film Screenwriting Workshops,6986,Arts
1997,8,Filmmakers' Network,6987,Arts
1998,8,Filmmaking Collaborators,6988,Arts
1999,3,Financial Independence Journey,6989,Bussiness